CREATE DATABASE IF NOT EXISTS proyecto_ventas;
USE proyecto_ventas;

CREATE TABLE clientes (
  id INT PRIMARY KEY,
  nombre VARCHAR(80),
  ciudad VARCHAR(40),
  segmento VARCHAR(20)
);

CREATE TABLE productos (
  id INT PRIMARY KEY,
  producto VARCHAR(80),
  categoria VARCHAR(40),
  precio_unitario DECIMAL(10,2)
);

CREATE TABLE ventas (
  id INT PRIMARY KEY,
  fecha DATE,
  cliente_id INT,
  producto_id INT,
  cantidad INT,
  descuento DECIMAL(4,2),
  FOREIGN KEY (cliente_id) REFERENCES clientes(id),
  FOREIGN KEY (producto_id) REFERENCES productos(id)
);

INSERT INTO clientes (id,nombre,ciudad,segmento) VALUES (1, 'Cliente_1', 'Arequipa', 'Retail');
INSERT INTO clientes (id,nombre,ciudad,segmento) VALUES (2, 'Cliente_2', 'Piura', 'Retail');
INSERT INTO clientes (id,nombre,ciudad,segmento) VALUES (3, 'Cliente_3', 'Trujillo', 'Retail');
INSERT INTO clientes (id,nombre,ciudad,segmento) VALUES (4, 'Cliente_4', 'Arequipa', 'Online');
INSERT INTO clientes (id,nombre,ciudad,segmento) VALUES (5, 'Cliente_5', 'Puno', 'Retail');
INSERT INTO clientes (id,nombre,ciudad,segmento) VALUES (6, 'Cliente_6', 'Huancayo', 'Corporativo');
INSERT INTO clientes (id,nombre,ciudad,segmento) VALUES (7, 'Cliente_7', 'Lima', 'Retail');
INSERT INTO clientes (id,nombre,ciudad,segmento) VALUES (8, 'Cliente_8', 'Arequipa', 'Retail');
INSERT INTO clientes (id,nombre,ciudad,segmento) VALUES (9, 'Cliente_9', 'Trujillo', 'Online');
INSERT INTO clientes (id,nombre,ciudad,segmento) VALUES (10, 'Cliente_10', 'Huancayo', 'Retail');
INSERT INTO clientes (id,nombre,ciudad,segmento) VALUES (11, 'Cliente_11', 'Puno', 'Retail');
INSERT INTO clientes (id,nombre,ciudad,segmento) VALUES (12, 'Cliente_12', 'Puno', 'Corporativo');
INSERT INTO clientes (id,nombre,ciudad,segmento) VALUES (13, 'Cliente_13', 'Trujillo', 'Corporativo');
INSERT INTO clientes (id,nombre,ciudad,segmento) VALUES (14, 'Cliente_14', 'Huancayo', 'Corporativo');
INSERT INTO clientes (id,nombre,ciudad,segmento) VALUES (15, 'Cliente_15', 'Lima', 'Retail');
INSERT INTO clientes (id,nombre,ciudad,segmento) VALUES (16, 'Cliente_16', 'Iquitos', 'Corporativo');
INSERT INTO clientes (id,nombre,ciudad,segmento) VALUES (17, 'Cliente_17', 'Piura', 'Retail');
INSERT INTO clientes (id,nombre,ciudad,segmento) VALUES (18, 'Cliente_18', 'Trujillo', 'Corporativo');
INSERT INTO clientes (id,nombre,ciudad,segmento) VALUES (19, 'Cliente_19', 'Arequipa', 'Retail');
INSERT INTO clientes (id,nombre,ciudad,segmento) VALUES (20, 'Cliente_20', 'Iquitos', 'Retail');
INSERT INTO clientes (id,nombre,ciudad,segmento) VALUES (21, 'Cliente_21', 'Chiclayo', 'Corporativo');
INSERT INTO clientes (id,nombre,ciudad,segmento) VALUES (22, 'Cliente_22', 'Huancayo', 'Corporativo');
INSERT INTO clientes (id,nombre,ciudad,segmento) VALUES (23, 'Cliente_23', 'Lima', 'Online');
INSERT INTO clientes (id,nombre,ciudad,segmento) VALUES (24, 'Cliente_24', 'Tacna', 'Online');
INSERT INTO clientes (id,nombre,ciudad,segmento) VALUES (25, 'Cliente_25', 'Arequipa', 'Corporativo');
INSERT INTO clientes (id,nombre,ciudad,segmento) VALUES (26, 'Cliente_26', 'Arequipa', 'Online');
INSERT INTO clientes (id,nombre,ciudad,segmento) VALUES (27, 'Cliente_27', 'Piura', 'Online');
INSERT INTO clientes (id,nombre,ciudad,segmento) VALUES (28, 'Cliente_28', 'Huancayo', 'Corporativo');
INSERT INTO clientes (id,nombre,ciudad,segmento) VALUES (29, 'Cliente_29', 'Huancayo', 'Retail');
INSERT INTO clientes (id,nombre,ciudad,segmento) VALUES (30, 'Cliente_30', 'Arequipa', 'Retail');
INSERT INTO clientes (id,nombre,ciudad,segmento) VALUES (31, 'Cliente_31', 'Trujillo', 'Corporativo');
INSERT INTO clientes (id,nombre,ciudad,segmento) VALUES (32, 'Cliente_32', 'Arequipa', 'Retail');
INSERT INTO clientes (id,nombre,ciudad,segmento) VALUES (33, 'Cliente_33', 'Arequipa', 'Corporativo');
INSERT INTO clientes (id,nombre,ciudad,segmento) VALUES (34, 'Cliente_34', 'Piura', 'Corporativo');
INSERT INTO clientes (id,nombre,ciudad,segmento) VALUES (35, 'Cliente_35', 'Chiclayo', 'Retail');
INSERT INTO clientes (id,nombre,ciudad,segmento) VALUES (36, 'Cliente_36', 'Chiclayo', 'Corporativo');
INSERT INTO clientes (id,nombre,ciudad,segmento) VALUES (37, 'Cliente_37', 'Trujillo', 'Online');
INSERT INTO clientes (id,nombre,ciudad,segmento) VALUES (38, 'Cliente_38', 'Piura', 'Online');
INSERT INTO clientes (id,nombre,ciudad,segmento) VALUES (39, 'Cliente_39', 'Arequipa', 'Online');
INSERT INTO clientes (id,nombre,ciudad,segmento) VALUES (40, 'Cliente_40', 'Cusco', 'Online');
INSERT INTO clientes (id,nombre,ciudad,segmento) VALUES (41, 'Cliente_41', 'Trujillo', 'Retail');
INSERT INTO clientes (id,nombre,ciudad,segmento) VALUES (42, 'Cliente_42', 'Tacna', 'Corporativo');
INSERT INTO clientes (id,nombre,ciudad,segmento) VALUES (43, 'Cliente_43', 'Piura', 'Online');
INSERT INTO clientes (id,nombre,ciudad,segmento) VALUES (44, 'Cliente_44', 'Puno', 'Retail');
INSERT INTO clientes (id,nombre,ciudad,segmento) VALUES (45, 'Cliente_45', 'Chiclayo', 'Retail');
INSERT INTO clientes (id,nombre,ciudad,segmento) VALUES (46, 'Cliente_46', 'Trujillo', 'Retail');
INSERT INTO clientes (id,nombre,ciudad,segmento) VALUES (47, 'Cliente_47', 'Chiclayo', 'Corporativo');
INSERT INTO clientes (id,nombre,ciudad,segmento) VALUES (48, 'Cliente_48', 'Piura', 'Retail');
INSERT INTO clientes (id,nombre,ciudad,segmento) VALUES (49, 'Cliente_49', 'Trujillo', 'Online');
INSERT INTO clientes (id,nombre,ciudad,segmento) VALUES (50, 'Cliente_50', 'Chiclayo', 'Retail');
INSERT INTO clientes (id,nombre,ciudad,segmento) VALUES (51, 'Cliente_51', 'Tacna', 'Corporativo');
INSERT INTO clientes (id,nombre,ciudad,segmento) VALUES (52, 'Cliente_52', 'Tacna', 'Retail');
INSERT INTO clientes (id,nombre,ciudad,segmento) VALUES (53, 'Cliente_53', 'Piura', 'Retail');
INSERT INTO clientes (id,nombre,ciudad,segmento) VALUES (54, 'Cliente_54', 'Trujillo', 'Online');
INSERT INTO clientes (id,nombre,ciudad,segmento) VALUES (55, 'Cliente_55', 'Puno', 'Online');
INSERT INTO clientes (id,nombre,ciudad,segmento) VALUES (56, 'Cliente_56', 'Piura', 'Online');
INSERT INTO clientes (id,nombre,ciudad,segmento) VALUES (57, 'Cliente_57', 'Huancayo', 'Corporativo');
INSERT INTO clientes (id,nombre,ciudad,segmento) VALUES (58, 'Cliente_58', 'Huancayo', 'Corporativo');
INSERT INTO clientes (id,nombre,ciudad,segmento) VALUES (59, 'Cliente_59', 'Chiclayo', 'Retail');
INSERT INTO clientes (id,nombre,ciudad,segmento) VALUES (60, 'Cliente_60', 'Cusco', 'Online');

INSERT INTO productos (id,producto,categoria,precio_unitario) VALUES (1, 'Auriculares 01', 'Auriculares', 63.64);
INSERT INTO productos (id,producto,categoria,precio_unitario) VALUES (2, 'Laptop 02', 'Laptop', 3263.87);
INSERT INTO productos (id,producto,categoria,precio_unitario) VALUES (3, 'Tablet 03', 'Tablet', 1201.96);
INSERT INTO productos (id,producto,categoria,precio_unitario) VALUES (4, 'Impresora 04', 'Impresora', 637.67);
INSERT INTO productos (id,producto,categoria,precio_unitario) VALUES (5, 'Impresora 05', 'Impresora', 498.05);
INSERT INTO productos (id,producto,categoria,precio_unitario) VALUES (6, 'Auriculares 06', 'Auriculares', 177.57);
INSERT INTO productos (id,producto,categoria,precio_unitario) VALUES (7, 'SSD 07', 'SSD', 223.55);
INSERT INTO productos (id,producto,categoria,precio_unitario) VALUES (8, 'Laptop 08', 'Laptop', 2956.48);
INSERT INTO productos (id,producto,categoria,precio_unitario) VALUES (9, 'Celular 09', 'Celular', 1418.05);
INSERT INTO productos (id,producto,categoria,precio_unitario) VALUES (10, 'SSD 10', 'SSD', 202.67);
INSERT INTO productos (id,producto,categoria,precio_unitario) VALUES (11, 'Mouse 11', 'Mouse', 28.92);
INSERT INTO productos (id,producto,categoria,precio_unitario) VALUES (12, 'Impresora 12', 'Impresora', 352.8);
INSERT INTO productos (id,producto,categoria,precio_unitario) VALUES (13, 'Laptop 13', 'Laptop', 3421.49);
INSERT INTO productos (id,producto,categoria,precio_unitario) VALUES (14, 'Teclado 14', 'Teclado', 117.47);
INSERT INTO productos (id,producto,categoria,precio_unitario) VALUES (15, 'Tablet 15', 'Tablet', 1106.15);
INSERT INTO productos (id,producto,categoria,precio_unitario) VALUES (16, 'Celular 16', 'Celular', 1644.62);
INSERT INTO productos (id,producto,categoria,precio_unitario) VALUES (17, 'Teclado 17', 'Teclado', 105.75);
INSERT INTO productos (id,producto,categoria,precio_unitario) VALUES (18, 'SSD 18', 'SSD', 175.7);
INSERT INTO productos (id,producto,categoria,precio_unitario) VALUES (19, 'Tablet 19', 'Tablet', 999.13);
INSERT INTO productos (id,producto,categoria,precio_unitario) VALUES (20, 'Tablet 20', 'Tablet', 1131.5);

INSERT INTO ventas (id,fecha,cliente_id,producto_id,cantidad,descuento) VALUES (1, '2024-09-28', 59, 1, 5, 0.0);
INSERT INTO ventas (id,fecha,cliente_id,producto_id,cantidad,descuento) VALUES (2, '2024-09-07', 2, 4, 3, 0.0);
INSERT INTO ventas (id,fecha,cliente_id,producto_id,cantidad,descuento) VALUES (3, '2024-05-02', 4, 8, 5, 0.0);
INSERT INTO ventas (id,fecha,cliente_id,producto_id,cantidad,descuento) VALUES (4, '2024-02-13', 47, 16, 1, 0.1);
INSERT INTO ventas (id,fecha,cliente_id,producto_id,cantidad,descuento) VALUES (5, '2024-03-05', 9, 16, 5, 0.0);
INSERT INTO ventas (id,fecha,cliente_id,producto_id,cantidad,descuento) VALUES (6, '2024-05-15', 34, 20, 4, 0.0);
INSERT INTO ventas (id,fecha,cliente_id,producto_id,cantidad,descuento) VALUES (7, '2024-10-03', 49, 7, 3, 0.05);
INSERT INTO ventas (id,fecha,cliente_id,producto_id,cantidad,descuento) VALUES (8, '2024-12-09', 42, 12, 4, 0.1);
INSERT INTO ventas (id,fecha,cliente_id,producto_id,cantidad,descuento) VALUES (9, '2024-08-19', 8, 8, 2, 0.0);
INSERT INTO ventas (id,fecha,cliente_id,producto_id,cantidad,descuento) VALUES (10, '2024-06-22', 2, 19, 5, 0.0);
INSERT INTO ventas (id,fecha,cliente_id,producto_id,cantidad,descuento) VALUES (11, '2024-10-28', 15, 1, 1, 0.15);
INSERT INTO ventas (id,fecha,cliente_id,producto_id,cantidad,descuento) VALUES (12, '2024-11-19', 4, 8, 1, 0.0);
INSERT INTO ventas (id,fecha,cliente_id,producto_id,cantidad,descuento) VALUES (13, '2024-06-18', 5, 17, 2, 0.0);
INSERT INTO ventas (id,fecha,cliente_id,producto_id,cantidad,descuento) VALUES (14, '2024-12-08', 32, 7, 5, 0.0);
INSERT INTO ventas (id,fecha,cliente_id,producto_id,cantidad,descuento) VALUES (15, '2024-10-19', 37, 16, 2, 0.05);
INSERT INTO ventas (id,fecha,cliente_id,producto_id,cantidad,descuento) VALUES (16, '2024-07-27', 13, 4, 1, 0.15);
INSERT INTO ventas (id,fecha,cliente_id,producto_id,cantidad,descuento) VALUES (17, '2024-08-08', 23, 14, 4, 0.05);
INSERT INTO ventas (id,fecha,cliente_id,producto_id,cantidad,descuento) VALUES (18, '2024-01-28', 44, 4, 1, 0.05);
INSERT INTO ventas (id,fecha,cliente_id,producto_id,cantidad,descuento) VALUES (19, '2024-06-22', 52, 4, 2, 0.0);
INSERT INTO ventas (id,fecha,cliente_id,producto_id,cantidad,descuento) VALUES (20, '2024-04-07', 35, 15, 2, 0.05);
INSERT INTO ventas (id,fecha,cliente_id,producto_id,cantidad,descuento) VALUES (21, '2024-04-03', 18, 15, 2, 0.0);
INSERT INTO ventas (id,fecha,cliente_id,producto_id,cantidad,descuento) VALUES (22, '2024-08-14', 52, 18, 1, 0.0);
INSERT INTO ventas (id,fecha,cliente_id,producto_id,cantidad,descuento) VALUES (23, '2024-11-29', 35, 1, 1, 0.0);
INSERT INTO ventas (id,fecha,cliente_id,producto_id,cantidad,descuento) VALUES (24, '2024-03-26', 27, 16, 4, 0.0);
INSERT INTO ventas (id,fecha,cliente_id,producto_id,cantidad,descuento) VALUES (25, '2024-07-24', 58, 2, 2, 0.05);
INSERT INTO ventas (id,fecha,cliente_id,producto_id,cantidad,descuento) VALUES (26, '2024-01-02', 25, 9, 4, 0.0);
INSERT INTO ventas (id,fecha,cliente_id,producto_id,cantidad,descuento) VALUES (27, '2024-08-04', 45, 18, 4, 0.0);
INSERT INTO ventas (id,fecha,cliente_id,producto_id,cantidad,descuento) VALUES (28, '2024-04-07', 19, 7, 1, 0.1);
INSERT INTO ventas (id,fecha,cliente_id,producto_id,cantidad,descuento) VALUES (29, '2024-10-04', 4, 11, 1, 0.0);
INSERT INTO ventas (id,fecha,cliente_id,producto_id,cantidad,descuento) VALUES (30, '2024-10-26', 31, 17, 5, 0.0);
INSERT INTO ventas (id,fecha,cliente_id,producto_id,cantidad,descuento) VALUES (31, '2024-01-30', 33, 3, 2, 0.0);
INSERT INTO ventas (id,fecha,cliente_id,producto_id,cantidad,descuento) VALUES (32, '2024-10-31', 5, 8, 4, 0.0);
INSERT INTO ventas (id,fecha,cliente_id,producto_id,cantidad,descuento) VALUES (33, '2024-10-18', 16, 19, 5, 0.0);
INSERT INTO ventas (id,fecha,cliente_id,producto_id,cantidad,descuento) VALUES (34, '2024-11-13', 6, 14, 5, 0.1);
INSERT INTO ventas (id,fecha,cliente_id,producto_id,cantidad,descuento) VALUES (35, '2024-09-24', 21, 9, 2, 0.15);
INSERT INTO ventas (id,fecha,cliente_id,producto_id,cantidad,descuento) VALUES (36, '2024-06-09', 16, 9, 4, 0.0);
INSERT INTO ventas (id,fecha,cliente_id,producto_id,cantidad,descuento) VALUES (37, '2024-12-09', 42, 10, 4, 0.0);
INSERT INTO ventas (id,fecha,cliente_id,producto_id,cantidad,descuento) VALUES (38, '2024-02-07', 1, 15, 5, 0.1);
INSERT INTO ventas (id,fecha,cliente_id,producto_id,cantidad,descuento) VALUES (39, '2024-02-21', 5, 18, 2, 0.1);
INSERT INTO ventas (id,fecha,cliente_id,producto_id,cantidad,descuento) VALUES (40, '2024-05-15', 9, 12, 1, 0.0);
INSERT INTO ventas (id,fecha,cliente_id,producto_id,cantidad,descuento) VALUES (41, '2024-07-08', 19, 6, 4, 0.1);
INSERT INTO ventas (id,fecha,cliente_id,producto_id,cantidad,descuento) VALUES (42, '2024-12-26', 20, 20, 5, 0.0);
INSERT INTO ventas (id,fecha,cliente_id,producto_id,cantidad,descuento) VALUES (43, '2024-12-07', 53, 18, 3, 0.15);
INSERT INTO ventas (id,fecha,cliente_id,producto_id,cantidad,descuento) VALUES (44, '2024-02-23', 57, 5, 3, 0.0);
INSERT INTO ventas (id,fecha,cliente_id,producto_id,cantidad,descuento) VALUES (45, '2024-02-24', 48, 18, 2, 0.0);
INSERT INTO ventas (id,fecha,cliente_id,producto_id,cantidad,descuento) VALUES (46, '2024-05-24', 39, 7, 3, 0.0);
INSERT INTO ventas (id,fecha,cliente_id,producto_id,cantidad,descuento) VALUES (47, '2024-12-17', 41, 9, 5, 0.05);
INSERT INTO ventas (id,fecha,cliente_id,producto_id,cantidad,descuento) VALUES (48, '2024-05-08', 58, 2, 1, 0.15);
INSERT INTO ventas (id,fecha,cliente_id,producto_id,cantidad,descuento) VALUES (49, '2024-08-04', 54, 9, 1, 0.0);
INSERT INTO ventas (id,fecha,cliente_id,producto_id,cantidad,descuento) VALUES (50, '2024-06-19', 50, 5, 3, 0.0);
INSERT INTO ventas (id,fecha,cliente_id,producto_id,cantidad,descuento) VALUES (51, '2024-08-14', 36, 14, 5, 0.0);
INSERT INTO ventas (id,fecha,cliente_id,producto_id,cantidad,descuento) VALUES (52, '2024-02-27', 5, 5, 5, 0.0);
INSERT INTO ventas (id,fecha,cliente_id,producto_id,cantidad,descuento) VALUES (53, '2024-07-08', 38, 18, 2, 0.05);
INSERT INTO ventas (id,fecha,cliente_id,producto_id,cantidad,descuento) VALUES (54, '2024-03-06', 3, 10, 3, 0.0);
INSERT INTO ventas (id,fecha,cliente_id,producto_id,cantidad,descuento) VALUES (55, '2024-07-02', 14, 8, 1, 0.0);
INSERT INTO ventas (id,fecha,cliente_id,producto_id,cantidad,descuento) VALUES (56, '2024-10-13', 57, 14, 5, 0.15);
INSERT INTO ventas (id,fecha,cliente_id,producto_id,cantidad,descuento) VALUES (57, '2024-03-20', 60, 8, 2, 0.0);
INSERT INTO ventas (id,fecha,cliente_id,producto_id,cantidad,descuento) VALUES (58, '2024-07-30', 2, 6, 3, 0.05);
INSERT INTO ventas (id,fecha,cliente_id,producto_id,cantidad,descuento) VALUES (59, '2024-12-08', 56, 8, 3, 0.0);
INSERT INTO ventas (id,fecha,cliente_id,producto_id,cantidad,descuento) VALUES (60, '2024-12-25', 7, 13, 1, 0.05);
INSERT INTO ventas (id,fecha,cliente_id,producto_id,cantidad,descuento) VALUES (61, '2024-04-23', 13, 15, 3, 0.0);
INSERT INTO ventas (id,fecha,cliente_id,producto_id,cantidad,descuento) VALUES (62, '2024-04-26', 15, 1, 2, 0.05);
INSERT INTO ventas (id,fecha,cliente_id,producto_id,cantidad,descuento) VALUES (63, '2024-06-17', 18, 3, 3, 0.0);
INSERT INTO ventas (id,fecha,cliente_id,producto_id,cantidad,descuento) VALUES (64, '2024-11-24', 33, 13, 5, 0.0);
INSERT INTO ventas (id,fecha,cliente_id,producto_id,cantidad,descuento) VALUES (65, '2024-01-15', 8, 9, 2, 0.1);
INSERT INTO ventas (id,fecha,cliente_id,producto_id,cantidad,descuento) VALUES (66, '2024-05-15', 3, 4, 5, 0.05);
INSERT INTO ventas (id,fecha,cliente_id,producto_id,cantidad,descuento) VALUES (67, '2024-06-25', 47, 11, 4, 0.1);
INSERT INTO ventas (id,fecha,cliente_id,producto_id,cantidad,descuento) VALUES (68, '2024-09-18', 8, 13, 5, 0.0);
INSERT INTO ventas (id,fecha,cliente_id,producto_id,cantidad,descuento) VALUES (69, '2024-05-10', 3, 14, 1, 0.1);
INSERT INTO ventas (id,fecha,cliente_id,producto_id,cantidad,descuento) VALUES (70, '2024-10-02', 44, 7, 3, 0.05);
INSERT INTO ventas (id,fecha,cliente_id,producto_id,cantidad,descuento) VALUES (71, '2024-02-05', 43, 11, 5, 0.0);
INSERT INTO ventas (id,fecha,cliente_id,producto_id,cantidad,descuento) VALUES (72, '2024-12-05', 55, 4, 3, 0.1);
INSERT INTO ventas (id,fecha,cliente_id,producto_id,cantidad,descuento) VALUES (73, '2024-06-07', 43, 14, 3, 0.05);
INSERT INTO ventas (id,fecha,cliente_id,producto_id,cantidad,descuento) VALUES (74, '2024-12-22', 19, 18, 2, 0.0);
INSERT INTO ventas (id,fecha,cliente_id,producto_id,cantidad,descuento) VALUES (75, '2024-08-03', 43, 13, 2, 0.1);
INSERT INTO ventas (id,fecha,cliente_id,producto_id,cantidad,descuento) VALUES (76, '2024-10-18', 20, 13, 5, 0.0);
INSERT INTO ventas (id,fecha,cliente_id,producto_id,cantidad,descuento) VALUES (77, '2024-06-04', 19, 7, 4, 0.1);
INSERT INTO ventas (id,fecha,cliente_id,producto_id,cantidad,descuento) VALUES (78, '2024-11-06', 42, 11, 4, 0.05);
INSERT INTO ventas (id,fecha,cliente_id,producto_id,cantidad,descuento) VALUES (79, '2024-08-14', 44, 7, 5, 0.05);
INSERT INTO ventas (id,fecha,cliente_id,producto_id,cantidad,descuento) VALUES (80, '2024-03-27', 43, 3, 3, 0.1);
INSERT INTO ventas (id,fecha,cliente_id,producto_id,cantidad,descuento) VALUES (81, '2024-12-05', 41, 20, 3, 0.0);
INSERT INTO ventas (id,fecha,cliente_id,producto_id,cantidad,descuento) VALUES (82, '2024-04-30', 44, 10, 2, 0.0);
INSERT INTO ventas (id,fecha,cliente_id,producto_id,cantidad,descuento) VALUES (83, '2024-03-16', 2, 2, 2, 0.05);
INSERT INTO ventas (id,fecha,cliente_id,producto_id,cantidad,descuento) VALUES (84, '2024-11-08', 55, 3, 4, 0.05);
INSERT INTO ventas (id,fecha,cliente_id,producto_id,cantidad,descuento) VALUES (85, '2024-11-18', 37, 7, 4, 0.05);
INSERT INTO ventas (id,fecha,cliente_id,producto_id,cantidad,descuento) VALUES (86, '2024-07-23', 16, 5, 1, 0.0);
INSERT INTO ventas (id,fecha,cliente_id,producto_id,cantidad,descuento) VALUES (87, '2024-08-05', 15, 6, 5, 0.05);
INSERT INTO ventas (id,fecha,cliente_id,producto_id,cantidad,descuento) VALUES (88, '2024-01-26', 36, 8, 1, 0.05);
INSERT INTO ventas (id,fecha,cliente_id,producto_id,cantidad,descuento) VALUES (89, '2024-03-09', 52, 15, 5, 0.1);
INSERT INTO ventas (id,fecha,cliente_id,producto_id,cantidad,descuento) VALUES (90, '2024-10-31', 21, 15, 5, 0.15);
INSERT INTO ventas (id,fecha,cliente_id,producto_id,cantidad,descuento) VALUES (91, '2024-09-15', 28, 18, 4, 0.0);
INSERT INTO ventas (id,fecha,cliente_id,producto_id,cantidad,descuento) VALUES (92, '2024-08-31', 29, 9, 2, 0.15);
INSERT INTO ventas (id,fecha,cliente_id,producto_id,cantidad,descuento) VALUES (93, '2024-05-21', 50, 17, 4, 0.15);
INSERT INTO ventas (id,fecha,cliente_id,producto_id,cantidad,descuento) VALUES (94, '2024-05-02', 18, 15, 1, 0.15);
INSERT INTO ventas (id,fecha,cliente_id,producto_id,cantidad,descuento) VALUES (95, '2024-05-26', 16, 9, 3, 0.0);
INSERT INTO ventas (id,fecha,cliente_id,producto_id,cantidad,descuento) VALUES (96, '2024-10-03', 6, 5, 2, 0.0);
INSERT INTO ventas (id,fecha,cliente_id,producto_id,cantidad,descuento) VALUES (97, '2024-07-15', 45, 5, 2, 0.0);
INSERT INTO ventas (id,fecha,cliente_id,producto_id,cantidad,descuento) VALUES (98, '2024-07-31', 27, 11, 5, 0.05);
INSERT INTO ventas (id,fecha,cliente_id,producto_id,cantidad,descuento) VALUES (99, '2024-07-31', 4, 7, 4, 0.05);
INSERT INTO ventas (id,fecha,cliente_id,producto_id,cantidad,descuento) VALUES (100, '2024-10-26', 45, 1, 5, 0.05);
INSERT INTO ventas (id,fecha,cliente_id,producto_id,cantidad,descuento) VALUES (101, '2024-09-01', 1, 12, 3, 0.05);
INSERT INTO ventas (id,fecha,cliente_id,producto_id,cantidad,descuento) VALUES (102, '2024-08-02', 35, 18, 5, 0.0);
INSERT INTO ventas (id,fecha,cliente_id,producto_id,cantidad,descuento) VALUES (103, '2024-09-06', 15, 9, 4, 0.05);
INSERT INTO ventas (id,fecha,cliente_id,producto_id,cantidad,descuento) VALUES (104, '2024-01-15', 25, 11, 4, 0.15);
INSERT INTO ventas (id,fecha,cliente_id,producto_id,cantidad,descuento) VALUES (105, '2024-03-25', 54, 15, 2, 0.1);
INSERT INTO ventas (id,fecha,cliente_id,producto_id,cantidad,descuento) VALUES (106, '2024-09-30', 2, 13, 5, 0.1);
INSERT INTO ventas (id,fecha,cliente_id,producto_id,cantidad,descuento) VALUES (107, '2024-12-05', 2, 3, 4, 0.0);
INSERT INTO ventas (id,fecha,cliente_id,producto_id,cantidad,descuento) VALUES (108, '2024-08-24', 12, 2, 3, 0.05);
INSERT INTO ventas (id,fecha,cliente_id,producto_id,cantidad,descuento) VALUES (109, '2024-06-16', 14, 15, 3, 0.0);
INSERT INTO ventas (id,fecha,cliente_id,producto_id,cantidad,descuento) VALUES (110, '2024-07-13', 18, 14, 3, 0.0);
INSERT INTO ventas (id,fecha,cliente_id,producto_id,cantidad,descuento) VALUES (111, '2024-08-28', 2, 18, 1, 0.0);
INSERT INTO ventas (id,fecha,cliente_id,producto_id,cantidad,descuento) VALUES (112, '2024-04-24', 42, 3, 1, 0.0);
INSERT INTO ventas (id,fecha,cliente_id,producto_id,cantidad,descuento) VALUES (113, '2024-05-06', 13, 1, 5, 0.0);
INSERT INTO ventas (id,fecha,cliente_id,producto_id,cantidad,descuento) VALUES (114, '2024-05-02', 9, 16, 1, 0.1);
INSERT INTO ventas (id,fecha,cliente_id,producto_id,cantidad,descuento) VALUES (115, '2024-04-21', 30, 9, 3, 0.0);
INSERT INTO ventas (id,fecha,cliente_id,producto_id,cantidad,descuento) VALUES (116, '2024-11-06', 39, 4, 2, 0.0);
INSERT INTO ventas (id,fecha,cliente_id,producto_id,cantidad,descuento) VALUES (117, '2024-02-25', 38, 1, 3, 0.1);
INSERT INTO ventas (id,fecha,cliente_id,producto_id,cantidad,descuento) VALUES (118, '2024-12-12', 59, 13, 4, 0.15);
INSERT INTO ventas (id,fecha,cliente_id,producto_id,cantidad,descuento) VALUES (119, '2024-04-11', 5, 19, 2, 0.0);
INSERT INTO ventas (id,fecha,cliente_id,producto_id,cantidad,descuento) VALUES (120, '2024-12-22', 50, 10, 5, 0.0);
INSERT INTO ventas (id,fecha,cliente_id,producto_id,cantidad,descuento) VALUES (121, '2024-10-16', 51, 2, 3, 0.1);
INSERT INTO ventas (id,fecha,cliente_id,producto_id,cantidad,descuento) VALUES (122, '2024-08-07', 43, 12, 1, 0.1);
INSERT INTO ventas (id,fecha,cliente_id,producto_id,cantidad,descuento) VALUES (123, '2024-11-27', 22, 1, 4, 0.05);
INSERT INTO ventas (id,fecha,cliente_id,producto_id,cantidad,descuento) VALUES (124, '2024-02-24', 28, 12, 4, 0.15);
INSERT INTO ventas (id,fecha,cliente_id,producto_id,cantidad,descuento) VALUES (125, '2024-03-19', 28, 6, 5, 0.15);
INSERT INTO ventas (id,fecha,cliente_id,producto_id,cantidad,descuento) VALUES (126, '2024-05-18', 40, 18, 4, 0.05);
INSERT INTO ventas (id,fecha,cliente_id,producto_id,cantidad,descuento) VALUES (127, '2024-08-11', 53, 19, 3, 0.0);
INSERT INTO ventas (id,fecha,cliente_id,producto_id,cantidad,descuento) VALUES (128, '2024-05-05', 54, 3, 3, 0.05);
INSERT INTO ventas (id,fecha,cliente_id,producto_id,cantidad,descuento) VALUES (129, '2024-05-04', 49, 15, 5, 0.1);
INSERT INTO ventas (id,fecha,cliente_id,producto_id,cantidad,descuento) VALUES (130, '2024-12-08', 25, 11, 1, 0.05);
INSERT INTO ventas (id,fecha,cliente_id,producto_id,cantidad,descuento) VALUES (131, '2024-06-15', 12, 16, 2, 0.0);
INSERT INTO ventas (id,fecha,cliente_id,producto_id,cantidad,descuento) VALUES (132, '2024-05-12', 22, 9, 5, 0.15);
INSERT INTO ventas (id,fecha,cliente_id,producto_id,cantidad,descuento) VALUES (133, '2024-05-21', 36, 1, 5, 0.0);
INSERT INTO ventas (id,fecha,cliente_id,producto_id,cantidad,descuento) VALUES (134, '2024-02-13', 16, 14, 4, 0.1);
INSERT INTO ventas (id,fecha,cliente_id,producto_id,cantidad,descuento) VALUES (135, '2024-05-03', 45, 16, 4, 0.05);
INSERT INTO ventas (id,fecha,cliente_id,producto_id,cantidad,descuento) VALUES (136, '2024-01-09', 6, 10, 2, 0.05);
INSERT INTO ventas (id,fecha,cliente_id,producto_id,cantidad,descuento) VALUES (137, '2024-12-20', 16, 10, 5, 0.0);
INSERT INTO ventas (id,fecha,cliente_id,producto_id,cantidad,descuento) VALUES (138, '2024-08-30', 36, 17, 3, 0.05);
INSERT INTO ventas (id,fecha,cliente_id,producto_id,cantidad,descuento) VALUES (139, '2024-10-08', 22, 12, 4, 0.0);
INSERT INTO ventas (id,fecha,cliente_id,producto_id,cantidad,descuento) VALUES (140, '2024-06-05', 17, 8, 1, 0.15);
INSERT INTO ventas (id,fecha,cliente_id,producto_id,cantidad,descuento) VALUES (141, '2024-04-08', 21, 4, 5, 0.15);
INSERT INTO ventas (id,fecha,cliente_id,producto_id,cantidad,descuento) VALUES (142, '2024-04-04', 13, 7, 4, 0.0);
INSERT INTO ventas (id,fecha,cliente_id,producto_id,cantidad,descuento) VALUES (143, '2024-10-28', 49, 17, 5, 0.0);
INSERT INTO ventas (id,fecha,cliente_id,producto_id,cantidad,descuento) VALUES (144, '2024-02-21', 54, 7, 3, 0.0);
INSERT INTO ventas (id,fecha,cliente_id,producto_id,cantidad,descuento) VALUES (145, '2024-07-03', 12, 10, 1, 0.15);
INSERT INTO ventas (id,fecha,cliente_id,producto_id,cantidad,descuento) VALUES (146, '2024-09-30', 9, 9, 1, 0.0);
INSERT INTO ventas (id,fecha,cliente_id,producto_id,cantidad,descuento) VALUES (147, '2024-10-10', 19, 5, 4, 0.0);
INSERT INTO ventas (id,fecha,cliente_id,producto_id,cantidad,descuento) VALUES (148, '2024-01-07', 37, 10, 4, 0.05);
INSERT INTO ventas (id,fecha,cliente_id,producto_id,cantidad,descuento) VALUES (149, '2024-08-13', 22, 6, 1, 0.0);
INSERT INTO ventas (id,fecha,cliente_id,producto_id,cantidad,descuento) VALUES (150, '2024-09-01', 8, 3, 4, 0.05);
INSERT INTO ventas (id,fecha,cliente_id,producto_id,cantidad,descuento) VALUES (151, '2024-02-07', 37, 2, 2, 0.0);
INSERT INTO ventas (id,fecha,cliente_id,producto_id,cantidad,descuento) VALUES (152, '2024-10-15', 20, 3, 2, 0.0);
INSERT INTO ventas (id,fecha,cliente_id,producto_id,cantidad,descuento) VALUES (153, '2024-10-12', 49, 14, 5, 0.1);
INSERT INTO ventas (id,fecha,cliente_id,producto_id,cantidad,descuento) VALUES (154, '2024-11-12', 15, 17, 4, 0.05);
INSERT INTO ventas (id,fecha,cliente_id,producto_id,cantidad,descuento) VALUES (155, '2024-08-14', 20, 19, 4, 0.0);
INSERT INTO ventas (id,fecha,cliente_id,producto_id,cantidad,descuento) VALUES (156, '2024-10-18', 40, 2, 5, 0.15);
INSERT INTO ventas (id,fecha,cliente_id,producto_id,cantidad,descuento) VALUES (157, '2024-02-20', 49, 7, 2, 0.0);
INSERT INTO ventas (id,fecha,cliente_id,producto_id,cantidad,descuento) VALUES (158, '2024-12-04', 6, 6, 2, 0.0);
INSERT INTO ventas (id,fecha,cliente_id,producto_id,cantidad,descuento) VALUES (159, '2024-10-09', 5, 6, 1, 0.05);
INSERT INTO ventas (id,fecha,cliente_id,producto_id,cantidad,descuento) VALUES (160, '2024-08-18', 45, 20, 4, 0.0);
INSERT INTO ventas (id,fecha,cliente_id,producto_id,cantidad,descuento) VALUES (161, '2024-01-17', 15, 10, 3, 0.15);
INSERT INTO ventas (id,fecha,cliente_id,producto_id,cantidad,descuento) VALUES (162, '2024-08-20', 5, 8, 3, 0.15);
INSERT INTO ventas (id,fecha,cliente_id,producto_id,cantidad,descuento) VALUES (163, '2024-10-28', 43, 7, 4, 0.0);
INSERT INTO ventas (id,fecha,cliente_id,producto_id,cantidad,descuento) VALUES (164, '2024-10-05', 15, 5, 3, 0.0);
INSERT INTO ventas (id,fecha,cliente_id,producto_id,cantidad,descuento) VALUES (165, '2024-02-06', 4, 6, 3, 0.1);
INSERT INTO ventas (id,fecha,cliente_id,producto_id,cantidad,descuento) VALUES (166, '2024-10-18', 59, 10, 4, 0.0);
INSERT INTO ventas (id,fecha,cliente_id,producto_id,cantidad,descuento) VALUES (167, '2024-08-27', 45, 10, 4, 0.0);
INSERT INTO ventas (id,fecha,cliente_id,producto_id,cantidad,descuento) VALUES (168, '2024-09-13', 35, 16, 4, 0.0);
INSERT INTO ventas (id,fecha,cliente_id,producto_id,cantidad,descuento) VALUES (169, '2024-11-02', 3, 14, 3, 0.1);
INSERT INTO ventas (id,fecha,cliente_id,producto_id,cantidad,descuento) VALUES (170, '2024-05-08', 2, 3, 2, 0.15);
INSERT INTO ventas (id,fecha,cliente_id,producto_id,cantidad,descuento) VALUES (171, '2024-10-21', 38, 1, 3, 0.1);
INSERT INTO ventas (id,fecha,cliente_id,producto_id,cantidad,descuento) VALUES (172, '2024-01-21', 49, 6, 4, 0.1);
INSERT INTO ventas (id,fecha,cliente_id,producto_id,cantidad,descuento) VALUES (173, '2024-11-29', 29, 9, 2, 0.1);
INSERT INTO ventas (id,fecha,cliente_id,producto_id,cantidad,descuento) VALUES (174, '2024-08-11', 41, 16, 1, 0.05);
INSERT INTO ventas (id,fecha,cliente_id,producto_id,cantidad,descuento) VALUES (175, '2024-06-27', 27, 11, 3, 0.15);
INSERT INTO ventas (id,fecha,cliente_id,producto_id,cantidad,descuento) VALUES (176, '2024-02-23', 55, 6, 3, 0.05);
INSERT INTO ventas (id,fecha,cliente_id,producto_id,cantidad,descuento) VALUES (177, '2024-12-21', 32, 10, 4, 0.1);
INSERT INTO ventas (id,fecha,cliente_id,producto_id,cantidad,descuento) VALUES (178, '2024-01-19', 30, 3, 3, 0.0);
INSERT INTO ventas (id,fecha,cliente_id,producto_id,cantidad,descuento) VALUES (179, '2024-06-14', 8, 13, 5, 0.0);
INSERT INTO ventas (id,fecha,cliente_id,producto_id,cantidad,descuento) VALUES (180, '2024-12-02', 56, 18, 4, 0.05);
INSERT INTO ventas (id,fecha,cliente_id,producto_id,cantidad,descuento) VALUES (181, '2024-01-28', 13, 17, 3, 0.1);
INSERT INTO ventas (id,fecha,cliente_id,producto_id,cantidad,descuento) VALUES (182, '2024-09-12', 41, 15, 1, 0.0);
INSERT INTO ventas (id,fecha,cliente_id,producto_id,cantidad,descuento) VALUES (183, '2024-05-16', 36, 5, 3, 0.05);
INSERT INTO ventas (id,fecha,cliente_id,producto_id,cantidad,descuento) VALUES (184, '2024-12-23', 32, 4, 1, 0.15);
INSERT INTO ventas (id,fecha,cliente_id,producto_id,cantidad,descuento) VALUES (185, '2024-11-07', 52, 8, 2, 0.0);
INSERT INTO ventas (id,fecha,cliente_id,producto_id,cantidad,descuento) VALUES (186, '2024-10-09', 1, 18, 4, 0.0);
INSERT INTO ventas (id,fecha,cliente_id,producto_id,cantidad,descuento) VALUES (187, '2024-04-25', 54, 4, 4, 0.0);
INSERT INTO ventas (id,fecha,cliente_id,producto_id,cantidad,descuento) VALUES (188, '2024-11-27', 54, 5, 4, 0.15);
INSERT INTO ventas (id,fecha,cliente_id,producto_id,cantidad,descuento) VALUES (189, '2024-05-29', 33, 9, 4, 0.05);
INSERT INTO ventas (id,fecha,cliente_id,producto_id,cantidad,descuento) VALUES (190, '2024-08-29', 16, 15, 5, 0.0);
INSERT INTO ventas (id,fecha,cliente_id,producto_id,cantidad,descuento) VALUES (191, '2024-07-15', 13, 20, 5, 0.15);
INSERT INTO ventas (id,fecha,cliente_id,producto_id,cantidad,descuento) VALUES (192, '2024-03-10', 56, 3, 3, 0.05);
INSERT INTO ventas (id,fecha,cliente_id,producto_id,cantidad,descuento) VALUES (193, '2024-06-23', 60, 17, 3, 0.0);
INSERT INTO ventas (id,fecha,cliente_id,producto_id,cantidad,descuento) VALUES (194, '2024-05-24', 47, 10, 5, 0.1);
INSERT INTO ventas (id,fecha,cliente_id,producto_id,cantidad,descuento) VALUES (195, '2024-12-03', 32, 5, 4, 0.1);
INSERT INTO ventas (id,fecha,cliente_id,producto_id,cantidad,descuento) VALUES (196, '2024-09-04', 23, 11, 5, 0.1);
INSERT INTO ventas (id,fecha,cliente_id,producto_id,cantidad,descuento) VALUES (197, '2024-07-12', 30, 11, 2, 0.15);
INSERT INTO ventas (id,fecha,cliente_id,producto_id,cantidad,descuento) VALUES (198, '2024-05-02', 37, 13, 2, 0.05);
INSERT INTO ventas (id,fecha,cliente_id,producto_id,cantidad,descuento) VALUES (199, '2024-01-23', 21, 16, 4, 0.05);
INSERT INTO ventas (id,fecha,cliente_id,producto_id,cantidad,descuento) VALUES (200, '2024-12-05', 51, 5, 4, 0.0);
INSERT INTO ventas (id,fecha,cliente_id,producto_id,cantidad,descuento) VALUES (201, '2024-03-05', 33, 19, 3, 0.0);
INSERT INTO ventas (id,fecha,cliente_id,producto_id,cantidad,descuento) VALUES (202, '2024-08-13', 7, 17, 4, 0.0);
INSERT INTO ventas (id,fecha,cliente_id,producto_id,cantidad,descuento) VALUES (203, '2024-03-14', 27, 5, 1, 0.05);
INSERT INTO ventas (id,fecha,cliente_id,producto_id,cantidad,descuento) VALUES (204, '2024-05-15', 22, 20, 4, 0.15);
INSERT INTO ventas (id,fecha,cliente_id,producto_id,cantidad,descuento) VALUES (205, '2024-02-11', 55, 11, 5, 0.05);
INSERT INTO ventas (id,fecha,cliente_id,producto_id,cantidad,descuento) VALUES (206, '2024-06-11', 41, 16, 5, 0.0);
INSERT INTO ventas (id,fecha,cliente_id,producto_id,cantidad,descuento) VALUES (207, '2024-11-12', 5, 8, 3, 0.0);
INSERT INTO ventas (id,fecha,cliente_id,producto_id,cantidad,descuento) VALUES (208, '2024-02-16', 28, 4, 1, 0.05);
INSERT INTO ventas (id,fecha,cliente_id,producto_id,cantidad,descuento) VALUES (209, '2024-03-26', 45, 10, 1, 0.0);
INSERT INTO ventas (id,fecha,cliente_id,producto_id,cantidad,descuento) VALUES (210, '2024-06-15', 51, 2, 3, 0.0);
INSERT INTO ventas (id,fecha,cliente_id,producto_id,cantidad,descuento) VALUES (211, '2024-07-10', 28, 5, 2, 0.1);
INSERT INTO ventas (id,fecha,cliente_id,producto_id,cantidad,descuento) VALUES (212, '2024-07-29', 37, 6, 2, 0.0);
INSERT INTO ventas (id,fecha,cliente_id,producto_id,cantidad,descuento) VALUES (213, '2024-02-10', 40, 13, 5, 0.15);
INSERT INTO ventas (id,fecha,cliente_id,producto_id,cantidad,descuento) VALUES (214, '2024-05-03', 32, 19, 2, 0.0);
INSERT INTO ventas (id,fecha,cliente_id,producto_id,cantidad,descuento) VALUES (215, '2024-08-24', 41, 9, 4, 0.0);
INSERT INTO ventas (id,fecha,cliente_id,producto_id,cantidad,descuento) VALUES (216, '2024-12-07', 1, 15, 3, 0.15);
INSERT INTO ventas (id,fecha,cliente_id,producto_id,cantidad,descuento) VALUES (217, '2024-10-06', 11, 3, 4, 0.0);
INSERT INTO ventas (id,fecha,cliente_id,producto_id,cantidad,descuento) VALUES (218, '2024-10-27', 20, 14, 3, 0.05);
INSERT INTO ventas (id,fecha,cliente_id,producto_id,cantidad,descuento) VALUES (219, '2024-06-03', 13, 13, 4, 0.0);
INSERT INTO ventas (id,fecha,cliente_id,producto_id,cantidad,descuento) VALUES (220, '2024-05-01', 25, 19, 3, 0.1);
INSERT INTO ventas (id,fecha,cliente_id,producto_id,cantidad,descuento) VALUES (221, '2024-05-31', 45, 10, 1, 0.15);
INSERT INTO ventas (id,fecha,cliente_id,producto_id,cantidad,descuento) VALUES (222, '2024-07-21', 18, 1, 5, 0.15);
INSERT INTO ventas (id,fecha,cliente_id,producto_id,cantidad,descuento) VALUES (223, '2024-01-26', 59, 20, 4, 0.0);
INSERT INTO ventas (id,fecha,cliente_id,producto_id,cantidad,descuento) VALUES (224, '2024-04-27', 39, 12, 2, 0.15);
INSERT INTO ventas (id,fecha,cliente_id,producto_id,cantidad,descuento) VALUES (225, '2024-04-07', 40, 9, 2, 0.15);
INSERT INTO ventas (id,fecha,cliente_id,producto_id,cantidad,descuento) VALUES (226, '2024-02-19', 58, 2, 3, 0.05);
INSERT INTO ventas (id,fecha,cliente_id,producto_id,cantidad,descuento) VALUES (227, '2024-01-18', 38, 12, 2, 0.0);
INSERT INTO ventas (id,fecha,cliente_id,producto_id,cantidad,descuento) VALUES (228, '2024-05-31', 21, 14, 2, 0.0);
INSERT INTO ventas (id,fecha,cliente_id,producto_id,cantidad,descuento) VALUES (229, '2024-03-08', 51, 18, 3, 0.1);
INSERT INTO ventas (id,fecha,cliente_id,producto_id,cantidad,descuento) VALUES (230, '2024-09-13', 59, 9, 2, 0.0);
INSERT INTO ventas (id,fecha,cliente_id,producto_id,cantidad,descuento) VALUES (231, '2024-09-03', 52, 10, 3, 0.0);
INSERT INTO ventas (id,fecha,cliente_id,producto_id,cantidad,descuento) VALUES (232, '2024-08-27', 5, 5, 2, 0.15);
INSERT INTO ventas (id,fecha,cliente_id,producto_id,cantidad,descuento) VALUES (233, '2024-12-11', 26, 18, 3, 0.0);
INSERT INTO ventas (id,fecha,cliente_id,producto_id,cantidad,descuento) VALUES (234, '2024-07-21', 1, 9, 5, 0.0);
INSERT INTO ventas (id,fecha,cliente_id,producto_id,cantidad,descuento) VALUES (235, '2024-08-20', 24, 9, 5, 0.05);
INSERT INTO ventas (id,fecha,cliente_id,producto_id,cantidad,descuento) VALUES (236, '2024-11-22', 24, 4, 2, 0.05);
INSERT INTO ventas (id,fecha,cliente_id,producto_id,cantidad,descuento) VALUES (237, '2024-01-13', 40, 18, 3, 0.1);
INSERT INTO ventas (id,fecha,cliente_id,producto_id,cantidad,descuento) VALUES (238, '2024-04-23', 42, 3, 4, 0.15);
INSERT INTO ventas (id,fecha,cliente_id,producto_id,cantidad,descuento) VALUES (239, '2024-06-03', 42, 14, 1, 0.0);
INSERT INTO ventas (id,fecha,cliente_id,producto_id,cantidad,descuento) VALUES (240, '2024-01-24', 3, 10, 4, 0.0);
INSERT INTO ventas (id,fecha,cliente_id,producto_id,cantidad,descuento) VALUES (241, '2024-02-19', 16, 18, 2, 0.05);
INSERT INTO ventas (id,fecha,cliente_id,producto_id,cantidad,descuento) VALUES (242, '2024-08-20', 24, 18, 4, 0.1);
INSERT INTO ventas (id,fecha,cliente_id,producto_id,cantidad,descuento) VALUES (243, '2024-03-20', 57, 14, 1, 0.05);
INSERT INTO ventas (id,fecha,cliente_id,producto_id,cantidad,descuento) VALUES (244, '2024-11-11', 27, 9, 1, 0.15);
INSERT INTO ventas (id,fecha,cliente_id,producto_id,cantidad,descuento) VALUES (245, '2024-07-08', 14, 15, 4, 0.0);
INSERT INTO ventas (id,fecha,cliente_id,producto_id,cantidad,descuento) VALUES (246, '2024-07-04', 7, 12, 5, 0.15);
INSERT INTO ventas (id,fecha,cliente_id,producto_id,cantidad,descuento) VALUES (247, '2024-07-02', 4, 13, 3, 0.0);
INSERT INTO ventas (id,fecha,cliente_id,producto_id,cantidad,descuento) VALUES (248, '2024-03-03', 55, 15, 1, 0.15);
INSERT INTO ventas (id,fecha,cliente_id,producto_id,cantidad,descuento) VALUES (249, '2024-04-18', 42, 20, 1, 0.0);
INSERT INTO ventas (id,fecha,cliente_id,producto_id,cantidad,descuento) VALUES (250, '2024-06-19', 16, 5, 5, 0.0);
INSERT INTO ventas (id,fecha,cliente_id,producto_id,cantidad,descuento) VALUES (251, '2024-02-05', 54, 18, 2, 0.1);
INSERT INTO ventas (id,fecha,cliente_id,producto_id,cantidad,descuento) VALUES (252, '2024-04-20', 53, 8, 3, 0.0);
INSERT INTO ventas (id,fecha,cliente_id,producto_id,cantidad,descuento) VALUES (253, '2024-11-01', 1, 9, 2, 0.0);
INSERT INTO ventas (id,fecha,cliente_id,producto_id,cantidad,descuento) VALUES (254, '2024-10-03', 17, 6, 1, 0.15);
INSERT INTO ventas (id,fecha,cliente_id,producto_id,cantidad,descuento) VALUES (255, '2024-01-14', 9, 1, 3, 0.0);
INSERT INTO ventas (id,fecha,cliente_id,producto_id,cantidad,descuento) VALUES (256, '2024-10-28', 21, 1, 2, 0.0);
INSERT INTO ventas (id,fecha,cliente_id,producto_id,cantidad,descuento) VALUES (257, '2024-01-27', 9, 14, 5, 0.0);
INSERT INTO ventas (id,fecha,cliente_id,producto_id,cantidad,descuento) VALUES (258, '2024-02-02', 31, 15, 3, 0.1);
INSERT INTO ventas (id,fecha,cliente_id,producto_id,cantidad,descuento) VALUES (259, '2024-10-30', 7, 15, 5, 0.0);
INSERT INTO ventas (id,fecha,cliente_id,producto_id,cantidad,descuento) VALUES (260, '2024-11-10', 3, 17, 3, 0.05);
INSERT INTO ventas (id,fecha,cliente_id,producto_id,cantidad,descuento) VALUES (261, '2024-11-25', 2, 2, 4, 0.05);
INSERT INTO ventas (id,fecha,cliente_id,producto_id,cantidad,descuento) VALUES (262, '2024-08-06', 44, 4, 4, 0.15);
INSERT INTO ventas (id,fecha,cliente_id,producto_id,cantidad,descuento) VALUES (263, '2024-08-15', 5, 3, 3, 0.1);
INSERT INTO ventas (id,fecha,cliente_id,producto_id,cantidad,descuento) VALUES (264, '2024-03-16', 5, 5, 3, 0.1);
INSERT INTO ventas (id,fecha,cliente_id,producto_id,cantidad,descuento) VALUES (265, '2024-11-20', 38, 18, 3, 0.05);
INSERT INTO ventas (id,fecha,cliente_id,producto_id,cantidad,descuento) VALUES (266, '2024-11-01', 34, 10, 4, 0.1);
INSERT INTO ventas (id,fecha,cliente_id,producto_id,cantidad,descuento) VALUES (267, '2024-11-05', 28, 4, 1, 0.15);
INSERT INTO ventas (id,fecha,cliente_id,producto_id,cantidad,descuento) VALUES (268, '2024-11-29', 57, 18, 2, 0.05);
INSERT INTO ventas (id,fecha,cliente_id,producto_id,cantidad,descuento) VALUES (269, '2024-08-19', 57, 8, 4, 0.0);
INSERT INTO ventas (id,fecha,cliente_id,producto_id,cantidad,descuento) VALUES (270, '2024-08-20', 26, 14, 1, 0.0);
INSERT INTO ventas (id,fecha,cliente_id,producto_id,cantidad,descuento) VALUES (271, '2024-08-06', 21, 9, 3, 0.0);
INSERT INTO ventas (id,fecha,cliente_id,producto_id,cantidad,descuento) VALUES (272, '2024-12-17', 60, 16, 1, 0.0);
INSERT INTO ventas (id,fecha,cliente_id,producto_id,cantidad,descuento) VALUES (273, '2024-02-13', 6, 14, 1, 0.15);
INSERT INTO ventas (id,fecha,cliente_id,producto_id,cantidad,descuento) VALUES (274, '2024-07-09', 52, 5, 5, 0.0);
INSERT INTO ventas (id,fecha,cliente_id,producto_id,cantidad,descuento) VALUES (275, '2024-10-27', 36, 18, 3, 0.15);
INSERT INTO ventas (id,fecha,cliente_id,producto_id,cantidad,descuento) VALUES (276, '2024-03-03', 27, 12, 4, 0.15);
INSERT INTO ventas (id,fecha,cliente_id,producto_id,cantidad,descuento) VALUES (277, '2024-01-27', 19, 20, 3, 0.0);
INSERT INTO ventas (id,fecha,cliente_id,producto_id,cantidad,descuento) VALUES (278, '2024-02-23', 37, 17, 2, 0.0);
INSERT INTO ventas (id,fecha,cliente_id,producto_id,cantidad,descuento) VALUES (279, '2024-12-02', 31, 8, 1, 0.0);
INSERT INTO ventas (id,fecha,cliente_id,producto_id,cantidad,descuento) VALUES (280, '2024-10-11', 24, 4, 3, 0.1);
INSERT INTO ventas (id,fecha,cliente_id,producto_id,cantidad,descuento) VALUES (281, '2024-04-25', 52, 14, 5, 0.1);
INSERT INTO ventas (id,fecha,cliente_id,producto_id,cantidad,descuento) VALUES (282, '2024-11-10', 44, 18, 1, 0.1);
INSERT INTO ventas (id,fecha,cliente_id,producto_id,cantidad,descuento) VALUES (283, '2024-12-02', 54, 9, 1, 0.0);
INSERT INTO ventas (id,fecha,cliente_id,producto_id,cantidad,descuento) VALUES (284, '2024-05-19', 45, 10, 3, 0.0);
INSERT INTO ventas (id,fecha,cliente_id,producto_id,cantidad,descuento) VALUES (285, '2024-01-04', 12, 5, 5, 0.15);
INSERT INTO ventas (id,fecha,cliente_id,producto_id,cantidad,descuento) VALUES (286, '2024-07-24', 5, 5, 1, 0.0);
INSERT INTO ventas (id,fecha,cliente_id,producto_id,cantidad,descuento) VALUES (287, '2024-09-28', 14, 13, 4, 0.05);
INSERT INTO ventas (id,fecha,cliente_id,producto_id,cantidad,descuento) VALUES (288, '2024-06-23', 11, 12, 3, 0.15);
INSERT INTO ventas (id,fecha,cliente_id,producto_id,cantidad,descuento) VALUES (289, '2024-06-15', 50, 19, 5, 0.0);
INSERT INTO ventas (id,fecha,cliente_id,producto_id,cantidad,descuento) VALUES (290, '2024-01-27', 10, 6, 5, 0.0);
INSERT INTO ventas (id,fecha,cliente_id,producto_id,cantidad,descuento) VALUES (291, '2024-12-11', 6, 9, 4, 0.15);
INSERT INTO ventas (id,fecha,cliente_id,producto_id,cantidad,descuento) VALUES (292, '2024-08-05', 32, 20, 4, 0.05);
INSERT INTO ventas (id,fecha,cliente_id,producto_id,cantidad,descuento) VALUES (293, '2024-05-19', 14, 17, 1, 0.0);
INSERT INTO ventas (id,fecha,cliente_id,producto_id,cantidad,descuento) VALUES (294, '2024-08-08', 8, 10, 5, 0.05);
INSERT INTO ventas (id,fecha,cliente_id,producto_id,cantidad,descuento) VALUES (295, '2024-09-26', 43, 10, 1, 0.0);
INSERT INTO ventas (id,fecha,cliente_id,producto_id,cantidad,descuento) VALUES (296, '2024-07-21', 39, 2, 1, 0.0);
INSERT INTO ventas (id,fecha,cliente_id,producto_id,cantidad,descuento) VALUES (297, '2024-06-03', 14, 5, 3, 0.0);
INSERT INTO ventas (id,fecha,cliente_id,producto_id,cantidad,descuento) VALUES (298, '2024-06-16', 8, 1, 4, 0.15);
INSERT INTO ventas (id,fecha,cliente_id,producto_id,cantidad,descuento) VALUES (299, '2024-08-08', 12, 5, 4, 0.1);
INSERT INTO ventas (id,fecha,cliente_id,producto_id,cantidad,descuento) VALUES (300, '2024-12-26', 15, 17, 5, 0.15);
INSERT INTO ventas (id,fecha,cliente_id,producto_id,cantidad,descuento) VALUES (301, '2024-06-30', 5, 13, 1, 0.05);
INSERT INTO ventas (id,fecha,cliente_id,producto_id,cantidad,descuento) VALUES (302, '2024-01-10', 30, 3, 3, 0.1);
INSERT INTO ventas (id,fecha,cliente_id,producto_id,cantidad,descuento) VALUES (303, '2024-08-07', 37, 13, 4, 0.0);
INSERT INTO ventas (id,fecha,cliente_id,producto_id,cantidad,descuento) VALUES (304, '2024-02-28', 26, 1, 3, 0.0);
INSERT INTO ventas (id,fecha,cliente_id,producto_id,cantidad,descuento) VALUES (305, '2024-11-12', 30, 12, 1, 0.05);
INSERT INTO ventas (id,fecha,cliente_id,producto_id,cantidad,descuento) VALUES (306, '2024-02-24', 16, 14, 5, 0.05);
INSERT INTO ventas (id,fecha,cliente_id,producto_id,cantidad,descuento) VALUES (307, '2024-09-25', 6, 13, 3, 0.15);
INSERT INTO ventas (id,fecha,cliente_id,producto_id,cantidad,descuento) VALUES (308, '2024-06-22', 15, 11, 2, 0.0);
INSERT INTO ventas (id,fecha,cliente_id,producto_id,cantidad,descuento) VALUES (309, '2024-09-18', 41, 4, 5, 0.1);
INSERT INTO ventas (id,fecha,cliente_id,producto_id,cantidad,descuento) VALUES (310, '2024-04-09', 58, 12, 3, 0.15);
INSERT INTO ventas (id,fecha,cliente_id,producto_id,cantidad,descuento) VALUES (311, '2024-11-26', 53, 5, 2, 0.0);
INSERT INTO ventas (id,fecha,cliente_id,producto_id,cantidad,descuento) VALUES (312, '2024-03-15', 17, 7, 2, 0.1);
INSERT INTO ventas (id,fecha,cliente_id,producto_id,cantidad,descuento) VALUES (313, '2024-03-19', 49, 3, 2, 0.15);
INSERT INTO ventas (id,fecha,cliente_id,producto_id,cantidad,descuento) VALUES (314, '2024-09-09', 30, 19, 5, 0.05);
INSERT INTO ventas (id,fecha,cliente_id,producto_id,cantidad,descuento) VALUES (315, '2024-12-14', 60, 19, 5, 0.0);
INSERT INTO ventas (id,fecha,cliente_id,producto_id,cantidad,descuento) VALUES (316, '2024-11-17', 21, 5, 4, 0.0);
INSERT INTO ventas (id,fecha,cliente_id,producto_id,cantidad,descuento) VALUES (317, '2024-08-28', 29, 10, 3, 0.1);
INSERT INTO ventas (id,fecha,cliente_id,producto_id,cantidad,descuento) VALUES (318, '2024-01-29', 23, 17, 1, 0.0);
INSERT INTO ventas (id,fecha,cliente_id,producto_id,cantidad,descuento) VALUES (319, '2024-08-24', 29, 2, 1, 0.0);
INSERT INTO ventas (id,fecha,cliente_id,producto_id,cantidad,descuento) VALUES (320, '2024-05-26', 5, 3, 5, 0.1);
INSERT INTO ventas (id,fecha,cliente_id,producto_id,cantidad,descuento) VALUES (321, '2024-09-16', 25, 15, 5, 0.1);
INSERT INTO ventas (id,fecha,cliente_id,producto_id,cantidad,descuento) VALUES (322, '2024-01-22', 29, 19, 2, 0.0);
INSERT INTO ventas (id,fecha,cliente_id,producto_id,cantidad,descuento) VALUES (323, '2024-11-05', 31, 17, 2, 0.0);
INSERT INTO ventas (id,fecha,cliente_id,producto_id,cantidad,descuento) VALUES (324, '2024-08-18', 7, 11, 1, 0.1);
INSERT INTO ventas (id,fecha,cliente_id,producto_id,cantidad,descuento) VALUES (325, '2024-11-26', 12, 2, 2, 0.15);
INSERT INTO ventas (id,fecha,cliente_id,producto_id,cantidad,descuento) VALUES (326, '2024-08-12', 29, 17, 5, 0.1);
INSERT INTO ventas (id,fecha,cliente_id,producto_id,cantidad,descuento) VALUES (327, '2024-03-22', 24, 12, 3, 0.05);
INSERT INTO ventas (id,fecha,cliente_id,producto_id,cantidad,descuento) VALUES (328, '2024-07-28', 50, 11, 5, 0.0);
INSERT INTO ventas (id,fecha,cliente_id,producto_id,cantidad,descuento) VALUES (329, '2024-11-19', 42, 11, 1, 0.0);
INSERT INTO ventas (id,fecha,cliente_id,producto_id,cantidad,descuento) VALUES (330, '2024-02-18', 36, 13, 3, 0.0);
INSERT INTO ventas (id,fecha,cliente_id,producto_id,cantidad,descuento) VALUES (331, '2024-12-02', 59, 20, 2, 0.0);
INSERT INTO ventas (id,fecha,cliente_id,producto_id,cantidad,descuento) VALUES (332, '2024-02-11', 38, 5, 3, 0.0);
INSERT INTO ventas (id,fecha,cliente_id,producto_id,cantidad,descuento) VALUES (333, '2024-12-01', 45, 13, 2, 0.1);
INSERT INTO ventas (id,fecha,cliente_id,producto_id,cantidad,descuento) VALUES (334, '2024-12-28', 6, 10, 5, 0.05);
INSERT INTO ventas (id,fecha,cliente_id,producto_id,cantidad,descuento) VALUES (335, '2024-11-25', 51, 11, 2, 0.15);
INSERT INTO ventas (id,fecha,cliente_id,producto_id,cantidad,descuento) VALUES (336, '2024-12-25', 54, 17, 1, 0.15);
INSERT INTO ventas (id,fecha,cliente_id,producto_id,cantidad,descuento) VALUES (337, '2024-12-09', 28, 17, 3, 0.0);
INSERT INTO ventas (id,fecha,cliente_id,producto_id,cantidad,descuento) VALUES (338, '2024-07-04', 20, 6, 2, 0.0);
INSERT INTO ventas (id,fecha,cliente_id,producto_id,cantidad,descuento) VALUES (339, '2024-09-05', 13, 8, 2, 0.0);
INSERT INTO ventas (id,fecha,cliente_id,producto_id,cantidad,descuento) VALUES (340, '2024-02-09', 19, 4, 5, 0.1);
INSERT INTO ventas (id,fecha,cliente_id,producto_id,cantidad,descuento) VALUES (341, '2024-09-26', 3, 11, 5, 0.0);
INSERT INTO ventas (id,fecha,cliente_id,producto_id,cantidad,descuento) VALUES (342, '2024-11-01', 25, 5, 2, 0.0);
INSERT INTO ventas (id,fecha,cliente_id,producto_id,cantidad,descuento) VALUES (343, '2024-12-20', 50, 20, 2, 0.15);
INSERT INTO ventas (id,fecha,cliente_id,producto_id,cantidad,descuento) VALUES (344, '2024-08-12', 3, 14, 3, 0.15);
INSERT INTO ventas (id,fecha,cliente_id,producto_id,cantidad,descuento) VALUES (345, '2024-05-01', 29, 20, 3, 0.15);
INSERT INTO ventas (id,fecha,cliente_id,producto_id,cantidad,descuento) VALUES (346, '2024-08-17', 15, 18, 2, 0.0);
INSERT INTO ventas (id,fecha,cliente_id,producto_id,cantidad,descuento) VALUES (347, '2024-08-28', 58, 7, 3, 0.15);
INSERT INTO ventas (id,fecha,cliente_id,producto_id,cantidad,descuento) VALUES (348, '2024-10-19', 29, 15, 3, 0.05);
INSERT INTO ventas (id,fecha,cliente_id,producto_id,cantidad,descuento) VALUES (349, '2024-09-14', 34, 14, 2, 0.0);
INSERT INTO ventas (id,fecha,cliente_id,producto_id,cantidad,descuento) VALUES (350, '2024-11-05', 9, 9, 1, 0.15);
INSERT INTO ventas (id,fecha,cliente_id,producto_id,cantidad,descuento) VALUES (351, '2024-09-03', 56, 12, 5, 0.0);
INSERT INTO ventas (id,fecha,cliente_id,producto_id,cantidad,descuento) VALUES (352, '2024-12-30', 55, 17, 1, 0.0);
INSERT INTO ventas (id,fecha,cliente_id,producto_id,cantidad,descuento) VALUES (353, '2024-02-12', 49, 6, 3, 0.05);
INSERT INTO ventas (id,fecha,cliente_id,producto_id,cantidad,descuento) VALUES (354, '2024-09-19', 10, 14, 1, 0.0);
INSERT INTO ventas (id,fecha,cliente_id,producto_id,cantidad,descuento) VALUES (355, '2024-08-18', 57, 12, 1, 0.05);
INSERT INTO ventas (id,fecha,cliente_id,producto_id,cantidad,descuento) VALUES (356, '2024-01-28', 26, 17, 3, 0.0);
INSERT INTO ventas (id,fecha,cliente_id,producto_id,cantidad,descuento) VALUES (357, '2024-07-16', 6, 12, 2, 0.0);
INSERT INTO ventas (id,fecha,cliente_id,producto_id,cantidad,descuento) VALUES (358, '2024-06-12', 60, 4, 3, 0.0);
INSERT INTO ventas (id,fecha,cliente_id,producto_id,cantidad,descuento) VALUES (359, '2024-03-11', 3, 10, 4, 0.15);
INSERT INTO ventas (id,fecha,cliente_id,producto_id,cantidad,descuento) VALUES (360, '2024-03-12', 49, 16, 4, 0.1);
INSERT INTO ventas (id,fecha,cliente_id,producto_id,cantidad,descuento) VALUES (361, '2024-01-03', 58, 3, 1, 0.0);
INSERT INTO ventas (id,fecha,cliente_id,producto_id,cantidad,descuento) VALUES (362, '2024-04-20', 54, 5, 5, 0.15);
INSERT INTO ventas (id,fecha,cliente_id,producto_id,cantidad,descuento) VALUES (363, '2024-11-07', 34, 14, 1, 0.0);
INSERT INTO ventas (id,fecha,cliente_id,producto_id,cantidad,descuento) VALUES (364, '2024-05-01', 20, 4, 1, 0.0);
INSERT INTO ventas (id,fecha,cliente_id,producto_id,cantidad,descuento) VALUES (365, '2024-08-02', 41, 20, 4, 0.0);
INSERT INTO ventas (id,fecha,cliente_id,producto_id,cantidad,descuento) VALUES (366, '2024-02-26', 54, 16, 5, 0.1);
INSERT INTO ventas (id,fecha,cliente_id,producto_id,cantidad,descuento) VALUES (367, '2024-01-09', 41, 17, 5, 0.0);
INSERT INTO ventas (id,fecha,cliente_id,producto_id,cantidad,descuento) VALUES (368, '2024-03-14', 19, 14, 1, 0.1);
INSERT INTO ventas (id,fecha,cliente_id,producto_id,cantidad,descuento) VALUES (369, '2024-06-29', 16, 19, 4, 0.0);
INSERT INTO ventas (id,fecha,cliente_id,producto_id,cantidad,descuento) VALUES (370, '2024-12-06', 43, 3, 5, 0.0);
INSERT INTO ventas (id,fecha,cliente_id,producto_id,cantidad,descuento) VALUES (371, '2024-02-04', 34, 18, 5, 0.1);
INSERT INTO ventas (id,fecha,cliente_id,producto_id,cantidad,descuento) VALUES (372, '2024-10-10', 2, 13, 4, 0.0);
INSERT INTO ventas (id,fecha,cliente_id,producto_id,cantidad,descuento) VALUES (373, '2024-11-21', 25, 12, 3, 0.15);
INSERT INTO ventas (id,fecha,cliente_id,producto_id,cantidad,descuento) VALUES (374, '2024-01-09', 23, 3, 3, 0.0);
INSERT INTO ventas (id,fecha,cliente_id,producto_id,cantidad,descuento) VALUES (375, '2024-12-02', 41, 4, 5, 0.15);
INSERT INTO ventas (id,fecha,cliente_id,producto_id,cantidad,descuento) VALUES (376, '2024-06-19', 9, 2, 3, 0.1);
INSERT INTO ventas (id,fecha,cliente_id,producto_id,cantidad,descuento) VALUES (377, '2024-06-22', 53, 6, 4, 0.15);
INSERT INTO ventas (id,fecha,cliente_id,producto_id,cantidad,descuento) VALUES (378, '2024-09-02', 41, 6, 2, 0.0);
INSERT INTO ventas (id,fecha,cliente_id,producto_id,cantidad,descuento) VALUES (379, '2024-08-22', 3, 10, 2, 0.0);
INSERT INTO ventas (id,fecha,cliente_id,producto_id,cantidad,descuento) VALUES (380, '2024-04-12', 57, 2, 3, 0.0);
INSERT INTO ventas (id,fecha,cliente_id,producto_id,cantidad,descuento) VALUES (381, '2024-09-20', 26, 18, 4, 0.0);
INSERT INTO ventas (id,fecha,cliente_id,producto_id,cantidad,descuento) VALUES (382, '2024-01-19', 49, 7, 3, 0.0);
INSERT INTO ventas (id,fecha,cliente_id,producto_id,cantidad,descuento) VALUES (383, '2024-01-25', 56, 11, 3, 0.0);
INSERT INTO ventas (id,fecha,cliente_id,producto_id,cantidad,descuento) VALUES (384, '2024-07-07', 28, 13, 4, 0.05);
INSERT INTO ventas (id,fecha,cliente_id,producto_id,cantidad,descuento) VALUES (385, '2024-06-22', 12, 16, 4, 0.0);
INSERT INTO ventas (id,fecha,cliente_id,producto_id,cantidad,descuento) VALUES (386, '2024-09-22', 18, 3, 4, 0.0);
INSERT INTO ventas (id,fecha,cliente_id,producto_id,cantidad,descuento) VALUES (387, '2024-08-08', 39, 6, 5, 0.0);
INSERT INTO ventas (id,fecha,cliente_id,producto_id,cantidad,descuento) VALUES (388, '2024-06-13', 7, 3, 3, 0.15);
INSERT INTO ventas (id,fecha,cliente_id,producto_id,cantidad,descuento) VALUES (389, '2024-05-31', 20, 15, 5, 0.15);
INSERT INTO ventas (id,fecha,cliente_id,producto_id,cantidad,descuento) VALUES (390, '2024-08-06', 11, 15, 3, 0.05);
INSERT INTO ventas (id,fecha,cliente_id,producto_id,cantidad,descuento) VALUES (391, '2024-01-22', 47, 12, 5, 0.05);
INSERT INTO ventas (id,fecha,cliente_id,producto_id,cantidad,descuento) VALUES (392, '2024-05-20', 41, 2, 1, 0.15);
INSERT INTO ventas (id,fecha,cliente_id,producto_id,cantidad,descuento) VALUES (393, '2024-11-22', 26, 12, 5, 0.15);
INSERT INTO ventas (id,fecha,cliente_id,producto_id,cantidad,descuento) VALUES (394, '2024-12-13', 11, 1, 2, 0.1);
INSERT INTO ventas (id,fecha,cliente_id,producto_id,cantidad,descuento) VALUES (395, '2024-12-13', 51, 15, 1, 0.0);
INSERT INTO ventas (id,fecha,cliente_id,producto_id,cantidad,descuento) VALUES (396, '2024-02-04', 16, 12, 3, 0.05);
INSERT INTO ventas (id,fecha,cliente_id,producto_id,cantidad,descuento) VALUES (397, '2024-10-17', 3, 20, 2, 0.15);
INSERT INTO ventas (id,fecha,cliente_id,producto_id,cantidad,descuento) VALUES (398, '2024-08-18', 24, 12, 4, 0.0);
INSERT INTO ventas (id,fecha,cliente_id,producto_id,cantidad,descuento) VALUES (399, '2024-10-20', 9, 17, 3, 0.05);
INSERT INTO ventas (id,fecha,cliente_id,producto_id,cantidad,descuento) VALUES (400, '2024-06-09', 42, 9, 2, 0.0);
INSERT INTO ventas (id,fecha,cliente_id,producto_id,cantidad,descuento) VALUES (401, '2024-01-14', 48, 6, 4, 0.1);
INSERT INTO ventas (id,fecha,cliente_id,producto_id,cantidad,descuento) VALUES (402, '2024-07-17', 59, 18, 1, 0.0);
INSERT INTO ventas (id,fecha,cliente_id,producto_id,cantidad,descuento) VALUES (403, '2024-05-13', 46, 15, 2, 0.1);
INSERT INTO ventas (id,fecha,cliente_id,producto_id,cantidad,descuento) VALUES (404, '2024-05-26', 45, 16, 2, 0.0);
INSERT INTO ventas (id,fecha,cliente_id,producto_id,cantidad,descuento) VALUES (405, '2024-03-10', 55, 3, 4, 0.0);
INSERT INTO ventas (id,fecha,cliente_id,producto_id,cantidad,descuento) VALUES (406, '2024-08-15', 6, 11, 3, 0.15);
INSERT INTO ventas (id,fecha,cliente_id,producto_id,cantidad,descuento) VALUES (407, '2024-02-03', 36, 18, 3, 0.0);
INSERT INTO ventas (id,fecha,cliente_id,producto_id,cantidad,descuento) VALUES (408, '2024-03-21', 46, 6, 3, 0.1);
INSERT INTO ventas (id,fecha,cliente_id,producto_id,cantidad,descuento) VALUES (409, '2024-04-24', 8, 7, 2, 0.0);
INSERT INTO ventas (id,fecha,cliente_id,producto_id,cantidad,descuento) VALUES (410, '2024-09-09', 2, 12, 5, 0.1);
INSERT INTO ventas (id,fecha,cliente_id,producto_id,cantidad,descuento) VALUES (411, '2024-07-07', 30, 18, 2, 0.1);
INSERT INTO ventas (id,fecha,cliente_id,producto_id,cantidad,descuento) VALUES (412, '2024-02-14', 5, 10, 4, 0.15);
INSERT INTO ventas (id,fecha,cliente_id,producto_id,cantidad,descuento) VALUES (413, '2024-09-02', 34, 14, 4, 0.1);
INSERT INTO ventas (id,fecha,cliente_id,producto_id,cantidad,descuento) VALUES (414, '2024-02-07', 9, 11, 1, 0.05);
INSERT INTO ventas (id,fecha,cliente_id,producto_id,cantidad,descuento) VALUES (415, '2024-08-26', 44, 17, 3, 0.0);
INSERT INTO ventas (id,fecha,cliente_id,producto_id,cantidad,descuento) VALUES (416, '2024-10-09', 41, 19, 2, 0.0);
INSERT INTO ventas (id,fecha,cliente_id,producto_id,cantidad,descuento) VALUES (417, '2024-08-09', 33, 2, 1, 0.1);
INSERT INTO ventas (id,fecha,cliente_id,producto_id,cantidad,descuento) VALUES (418, '2024-03-19', 20, 6, 2, 0.0);
INSERT INTO ventas (id,fecha,cliente_id,producto_id,cantidad,descuento) VALUES (419, '2024-12-29', 15, 12, 5, 0.0);
INSERT INTO ventas (id,fecha,cliente_id,producto_id,cantidad,descuento) VALUES (420, '2024-02-10', 17, 7, 5, 0.0);
INSERT INTO ventas (id,fecha,cliente_id,producto_id,cantidad,descuento) VALUES (421, '2024-03-05', 41, 10, 5, 0.1);
INSERT INTO ventas (id,fecha,cliente_id,producto_id,cantidad,descuento) VALUES (422, '2024-02-17', 33, 6, 5, 0.1);
INSERT INTO ventas (id,fecha,cliente_id,producto_id,cantidad,descuento) VALUES (423, '2024-03-19', 11, 20, 5, 0.0);
INSERT INTO ventas (id,fecha,cliente_id,producto_id,cantidad,descuento) VALUES (424, '2024-10-15', 3, 1, 1, 0.0);
INSERT INTO ventas (id,fecha,cliente_id,producto_id,cantidad,descuento) VALUES (425, '2024-11-24', 50, 19, 3, 0.15);
INSERT INTO ventas (id,fecha,cliente_id,producto_id,cantidad,descuento) VALUES (426, '2024-04-17', 50, 19, 4, 0.1);
INSERT INTO ventas (id,fecha,cliente_id,producto_id,cantidad,descuento) VALUES (427, '2024-11-23', 2, 16, 5, 0.0);
INSERT INTO ventas (id,fecha,cliente_id,producto_id,cantidad,descuento) VALUES (428, '2024-11-24', 20, 16, 2, 0.15);
INSERT INTO ventas (id,fecha,cliente_id,producto_id,cantidad,descuento) VALUES (429, '2024-07-26', 20, 15, 1, 0.15);
INSERT INTO ventas (id,fecha,cliente_id,producto_id,cantidad,descuento) VALUES (430, '2024-01-31', 11, 15, 4, 0.05);
INSERT INTO ventas (id,fecha,cliente_id,producto_id,cantidad,descuento) VALUES (431, '2024-08-25', 14, 11, 5, 0.0);
INSERT INTO ventas (id,fecha,cliente_id,producto_id,cantidad,descuento) VALUES (432, '2024-06-09', 56, 11, 3, 0.05);
INSERT INTO ventas (id,fecha,cliente_id,producto_id,cantidad,descuento) VALUES (433, '2024-03-07', 49, 12, 5, 0.1);
INSERT INTO ventas (id,fecha,cliente_id,producto_id,cantidad,descuento) VALUES (434, '2024-02-24', 21, 8, 4, 0.0);
INSERT INTO ventas (id,fecha,cliente_id,producto_id,cantidad,descuento) VALUES (435, '2024-05-16', 29, 8, 2, 0.0);
INSERT INTO ventas (id,fecha,cliente_id,producto_id,cantidad,descuento) VALUES (436, '2024-01-26', 19, 13, 5, 0.05);
INSERT INTO ventas (id,fecha,cliente_id,producto_id,cantidad,descuento) VALUES (437, '2024-05-07', 56, 6, 3, 0.1);
INSERT INTO ventas (id,fecha,cliente_id,producto_id,cantidad,descuento) VALUES (438, '2024-06-09', 13, 6, 4, 0.1);
INSERT INTO ventas (id,fecha,cliente_id,producto_id,cantidad,descuento) VALUES (439, '2024-08-27', 32, 10, 4, 0.0);
INSERT INTO ventas (id,fecha,cliente_id,producto_id,cantidad,descuento) VALUES (440, '2024-02-16', 26, 17, 4, 0.0);
INSERT INTO ventas (id,fecha,cliente_id,producto_id,cantidad,descuento) VALUES (441, '2024-04-20', 38, 12, 1, 0.0);
INSERT INTO ventas (id,fecha,cliente_id,producto_id,cantidad,descuento) VALUES (442, '2024-05-24', 32, 20, 4, 0.0);
INSERT INTO ventas (id,fecha,cliente_id,producto_id,cantidad,descuento) VALUES (443, '2024-10-01', 1, 4, 4, 0.0);
INSERT INTO ventas (id,fecha,cliente_id,producto_id,cantidad,descuento) VALUES (444, '2024-05-15', 47, 12, 4, 0.0);
INSERT INTO ventas (id,fecha,cliente_id,producto_id,cantidad,descuento) VALUES (445, '2024-01-24', 26, 2, 5, 0.1);
INSERT INTO ventas (id,fecha,cliente_id,producto_id,cantidad,descuento) VALUES (446, '2024-04-09', 24, 18, 3, 0.0);
INSERT INTO ventas (id,fecha,cliente_id,producto_id,cantidad,descuento) VALUES (447, '2024-07-16', 33, 15, 5, 0.0);
INSERT INTO ventas (id,fecha,cliente_id,producto_id,cantidad,descuento) VALUES (448, '2024-11-15', 44, 20, 1, 0.0);
INSERT INTO ventas (id,fecha,cliente_id,producto_id,cantidad,descuento) VALUES (449, '2024-02-19', 26, 12, 3, 0.1);
INSERT INTO ventas (id,fecha,cliente_id,producto_id,cantidad,descuento) VALUES (450, '2024-07-06', 49, 5, 2, 0.1);
INSERT INTO ventas (id,fecha,cliente_id,producto_id,cantidad,descuento) VALUES (451, '2024-09-17', 26, 17, 1, 0.0);
INSERT INTO ventas (id,fecha,cliente_id,producto_id,cantidad,descuento) VALUES (452, '2024-01-20', 9, 11, 4, 0.1);
INSERT INTO ventas (id,fecha,cliente_id,producto_id,cantidad,descuento) VALUES (453, '2024-08-21', 10, 20, 5, 0.0);
INSERT INTO ventas (id,fecha,cliente_id,producto_id,cantidad,descuento) VALUES (454, '2024-06-16', 60, 20, 3, 0.0);
INSERT INTO ventas (id,fecha,cliente_id,producto_id,cantidad,descuento) VALUES (455, '2024-07-20', 40, 10, 5, 0.0);
INSERT INTO ventas (id,fecha,cliente_id,producto_id,cantidad,descuento) VALUES (456, '2024-09-16', 54, 17, 5, 0.05);
INSERT INTO ventas (id,fecha,cliente_id,producto_id,cantidad,descuento) VALUES (457, '2024-12-28', 37, 10, 4, 0.0);
INSERT INTO ventas (id,fecha,cliente_id,producto_id,cantidad,descuento) VALUES (458, '2024-07-07', 22, 4, 4, 0.1);
INSERT INTO ventas (id,fecha,cliente_id,producto_id,cantidad,descuento) VALUES (459, '2024-06-06', 51, 1, 5, 0.05);
INSERT INTO ventas (id,fecha,cliente_id,producto_id,cantidad,descuento) VALUES (460, '2024-05-15', 42, 19, 5, 0.0);
INSERT INTO ventas (id,fecha,cliente_id,producto_id,cantidad,descuento) VALUES (461, '2024-01-27', 38, 16, 2, 0.1);
INSERT INTO ventas (id,fecha,cliente_id,producto_id,cantidad,descuento) VALUES (462, '2024-11-18', 47, 20, 4, 0.0);
INSERT INTO ventas (id,fecha,cliente_id,producto_id,cantidad,descuento) VALUES (463, '2024-12-14', 16, 2, 5, 0.15);
INSERT INTO ventas (id,fecha,cliente_id,producto_id,cantidad,descuento) VALUES (464, '2024-02-26', 13, 1, 4, 0.0);
INSERT INTO ventas (id,fecha,cliente_id,producto_id,cantidad,descuento) VALUES (465, '2024-08-02', 10, 14, 2, 0.05);
INSERT INTO ventas (id,fecha,cliente_id,producto_id,cantidad,descuento) VALUES (466, '2024-09-13', 50, 20, 4, 0.15);
INSERT INTO ventas (id,fecha,cliente_id,producto_id,cantidad,descuento) VALUES (467, '2024-02-01', 46, 5, 5, 0.0);
INSERT INTO ventas (id,fecha,cliente_id,producto_id,cantidad,descuento) VALUES (468, '2024-10-14', 21, 16, 5, 0.05);
INSERT INTO ventas (id,fecha,cliente_id,producto_id,cantidad,descuento) VALUES (469, '2024-06-09', 12, 15, 5, 0.0);
INSERT INTO ventas (id,fecha,cliente_id,producto_id,cantidad,descuento) VALUES (470, '2024-10-06', 23, 9, 5, 0.05);
INSERT INTO ventas (id,fecha,cliente_id,producto_id,cantidad,descuento) VALUES (471, '2024-04-08', 16, 9, 5, 0.0);
INSERT INTO ventas (id,fecha,cliente_id,producto_id,cantidad,descuento) VALUES (472, '2024-04-25', 20, 10, 2, 0.15);
INSERT INTO ventas (id,fecha,cliente_id,producto_id,cantidad,descuento) VALUES (473, '2024-12-26', 32, 11, 4, 0.0);
INSERT INTO ventas (id,fecha,cliente_id,producto_id,cantidad,descuento) VALUES (474, '2024-10-13', 60, 9, 3, 0.0);
INSERT INTO ventas (id,fecha,cliente_id,producto_id,cantidad,descuento) VALUES (475, '2024-10-20', 44, 18, 4, 0.05);
INSERT INTO ventas (id,fecha,cliente_id,producto_id,cantidad,descuento) VALUES (476, '2024-06-25', 50, 5, 3, 0.0);
INSERT INTO ventas (id,fecha,cliente_id,producto_id,cantidad,descuento) VALUES (477, '2024-05-27', 46, 3, 3, 0.05);
INSERT INTO ventas (id,fecha,cliente_id,producto_id,cantidad,descuento) VALUES (478, '2024-12-01', 17, 16, 2, 0.0);
INSERT INTO ventas (id,fecha,cliente_id,producto_id,cantidad,descuento) VALUES (479, '2024-10-02', 18, 18, 3, 0.0);
INSERT INTO ventas (id,fecha,cliente_id,producto_id,cantidad,descuento) VALUES (480, '2024-02-25', 40, 19, 2, 0.0);
INSERT INTO ventas (id,fecha,cliente_id,producto_id,cantidad,descuento) VALUES (481, '2024-01-26', 43, 17, 2, 0.15);
INSERT INTO ventas (id,fecha,cliente_id,producto_id,cantidad,descuento) VALUES (482, '2024-04-29', 4, 4, 4, 0.0);
INSERT INTO ventas (id,fecha,cliente_id,producto_id,cantidad,descuento) VALUES (483, '2024-08-29', 7, 5, 1, 0.1);
INSERT INTO ventas (id,fecha,cliente_id,producto_id,cantidad,descuento) VALUES (484, '2024-03-21', 27, 16, 4, 0.15);
INSERT INTO ventas (id,fecha,cliente_id,producto_id,cantidad,descuento) VALUES (485, '2024-04-12', 49, 10, 3, 0.0);
INSERT INTO ventas (id,fecha,cliente_id,producto_id,cantidad,descuento) VALUES (486, '2024-11-26', 4, 3, 5, 0.0);
INSERT INTO ventas (id,fecha,cliente_id,producto_id,cantidad,descuento) VALUES (487, '2024-09-30', 48, 2, 2, 0.05);
INSERT INTO ventas (id,fecha,cliente_id,producto_id,cantidad,descuento) VALUES (488, '2024-03-31', 60, 2, 4, 0.05);
INSERT INTO ventas (id,fecha,cliente_id,producto_id,cantidad,descuento) VALUES (489, '2024-04-05', 60, 10, 1, 0.0);
INSERT INTO ventas (id,fecha,cliente_id,producto_id,cantidad,descuento) VALUES (490, '2024-06-01', 37, 20, 1, 0.0);
INSERT INTO ventas (id,fecha,cliente_id,producto_id,cantidad,descuento) VALUES (491, '2024-05-25', 30, 18, 5, 0.05);
INSERT INTO ventas (id,fecha,cliente_id,producto_id,cantidad,descuento) VALUES (492, '2024-03-09', 55, 17, 4, 0.0);
INSERT INTO ventas (id,fecha,cliente_id,producto_id,cantidad,descuento) VALUES (493, '2024-04-08', 52, 4, 3, 0.0);
INSERT INTO ventas (id,fecha,cliente_id,producto_id,cantidad,descuento) VALUES (494, '2024-08-22', 42, 9, 2, 0.0);
INSERT INTO ventas (id,fecha,cliente_id,producto_id,cantidad,descuento) VALUES (495, '2024-06-21', 51, 10, 5, 0.15);
INSERT INTO ventas (id,fecha,cliente_id,producto_id,cantidad,descuento) VALUES (496, '2024-04-08', 12, 20, 4, 0.05);
INSERT INTO ventas (id,fecha,cliente_id,producto_id,cantidad,descuento) VALUES (497, '2024-09-20', 21, 3, 4, 0.15);
INSERT INTO ventas (id,fecha,cliente_id,producto_id,cantidad,descuento) VALUES (498, '2024-02-18', 12, 5, 4, 0.0);
INSERT INTO ventas (id,fecha,cliente_id,producto_id,cantidad,descuento) VALUES (499, '2024-05-07', 1, 9, 4, 0.0);
INSERT INTO ventas (id,fecha,cliente_id,producto_id,cantidad,descuento) VALUES (500, '2024-08-16', 49, 9, 3, 0.0);
INSERT INTO ventas (id,fecha,cliente_id,producto_id,cantidad,descuento) VALUES (501, '2024-10-25', 47, 19, 1, 0.0);
INSERT INTO ventas (id,fecha,cliente_id,producto_id,cantidad,descuento) VALUES (502, '2024-11-30', 24, 8, 1, 0.15);
INSERT INTO ventas (id,fecha,cliente_id,producto_id,cantidad,descuento) VALUES (503, '2024-03-01', 30, 10, 2, 0.05);
INSERT INTO ventas (id,fecha,cliente_id,producto_id,cantidad,descuento) VALUES (504, '2024-12-17', 33, 10, 1, 0.15);
INSERT INTO ventas (id,fecha,cliente_id,producto_id,cantidad,descuento) VALUES (505, '2024-05-31', 24, 20, 2, 0.0);
INSERT INTO ventas (id,fecha,cliente_id,producto_id,cantidad,descuento) VALUES (506, '2024-03-09', 31, 5, 4, 0.15);
INSERT INTO ventas (id,fecha,cliente_id,producto_id,cantidad,descuento) VALUES (507, '2024-11-06', 24, 14, 5, 0.05);
INSERT INTO ventas (id,fecha,cliente_id,producto_id,cantidad,descuento) VALUES (508, '2024-10-02', 52, 7, 2, 0.15);
INSERT INTO ventas (id,fecha,cliente_id,producto_id,cantidad,descuento) VALUES (509, '2024-11-01', 56, 3, 5, 0.05);
INSERT INTO ventas (id,fecha,cliente_id,producto_id,cantidad,descuento) VALUES (510, '2024-09-27', 46, 12, 1, 0.1);
INSERT INTO ventas (id,fecha,cliente_id,producto_id,cantidad,descuento) VALUES (511, '2024-02-27', 4, 18, 5, 0.0);
INSERT INTO ventas (id,fecha,cliente_id,producto_id,cantidad,descuento) VALUES (512, '2024-10-20', 35, 5, 2, 0.0);
INSERT INTO ventas (id,fecha,cliente_id,producto_id,cantidad,descuento) VALUES (513, '2024-09-23', 29, 4, 2, 0.15);
INSERT INTO ventas (id,fecha,cliente_id,producto_id,cantidad,descuento) VALUES (514, '2024-10-25', 32, 3, 5, 0.05);
INSERT INTO ventas (id,fecha,cliente_id,producto_id,cantidad,descuento) VALUES (515, '2024-01-29', 30, 5, 5, 0.05);
INSERT INTO ventas (id,fecha,cliente_id,producto_id,cantidad,descuento) VALUES (516, '2024-08-21', 37, 2, 5, 0.05);
INSERT INTO ventas (id,fecha,cliente_id,producto_id,cantidad,descuento) VALUES (517, '2024-12-10', 52, 10, 1, 0.05);
INSERT INTO ventas (id,fecha,cliente_id,producto_id,cantidad,descuento) VALUES (518, '2024-05-10', 53, 1, 2, 0.1);
INSERT INTO ventas (id,fecha,cliente_id,producto_id,cantidad,descuento) VALUES (519, '2024-02-07', 3, 14, 3, 0.15);
INSERT INTO ventas (id,fecha,cliente_id,producto_id,cantidad,descuento) VALUES (520, '2024-02-02', 35, 2, 1, 0.05);
INSERT INTO ventas (id,fecha,cliente_id,producto_id,cantidad,descuento) VALUES (521, '2024-01-17', 19, 14, 2, 0.0);
INSERT INTO ventas (id,fecha,cliente_id,producto_id,cantidad,descuento) VALUES (522, '2024-11-24', 47, 14, 3, 0.05);
INSERT INTO ventas (id,fecha,cliente_id,producto_id,cantidad,descuento) VALUES (523, '2024-08-17', 56, 13, 4, 0.0);
INSERT INTO ventas (id,fecha,cliente_id,producto_id,cantidad,descuento) VALUES (524, '2024-12-15', 43, 18, 2, 0.15);
INSERT INTO ventas (id,fecha,cliente_id,producto_id,cantidad,descuento) VALUES (525, '2024-06-27', 8, 6, 5, 0.05);
INSERT INTO ventas (id,fecha,cliente_id,producto_id,cantidad,descuento) VALUES (526, '2024-09-27', 9, 8, 1, 0.0);
INSERT INTO ventas (id,fecha,cliente_id,producto_id,cantidad,descuento) VALUES (527, '2024-06-01', 30, 18, 4, 0.1);
INSERT INTO ventas (id,fecha,cliente_id,producto_id,cantidad,descuento) VALUES (528, '2024-07-13', 53, 8, 2, 0.05);
INSERT INTO ventas (id,fecha,cliente_id,producto_id,cantidad,descuento) VALUES (529, '2024-06-26', 10, 9, 2, 0.15);
INSERT INTO ventas (id,fecha,cliente_id,producto_id,cantidad,descuento) VALUES (530, '2024-02-27', 3, 14, 5, 0.0);
INSERT INTO ventas (id,fecha,cliente_id,producto_id,cantidad,descuento) VALUES (531, '2024-05-03', 14, 3, 1, 0.1);
INSERT INTO ventas (id,fecha,cliente_id,producto_id,cantidad,descuento) VALUES (532, '2024-01-18', 29, 20, 1, 0.0);
INSERT INTO ventas (id,fecha,cliente_id,producto_id,cantidad,descuento) VALUES (533, '2024-01-23', 26, 15, 2, 0.1);
INSERT INTO ventas (id,fecha,cliente_id,producto_id,cantidad,descuento) VALUES (534, '2024-04-21', 49, 2, 2, 0.1);
INSERT INTO ventas (id,fecha,cliente_id,producto_id,cantidad,descuento) VALUES (535, '2024-05-28', 15, 19, 3, 0.1);
INSERT INTO ventas (id,fecha,cliente_id,producto_id,cantidad,descuento) VALUES (536, '2024-11-02', 50, 11, 2, 0.0);
INSERT INTO ventas (id,fecha,cliente_id,producto_id,cantidad,descuento) VALUES (537, '2024-03-14', 43, 17, 2, 0.05);
INSERT INTO ventas (id,fecha,cliente_id,producto_id,cantidad,descuento) VALUES (538, '2024-06-02', 18, 2, 5, 0.1);
INSERT INTO ventas (id,fecha,cliente_id,producto_id,cantidad,descuento) VALUES (539, '2024-03-30', 41, 14, 5, 0.05);
INSERT INTO ventas (id,fecha,cliente_id,producto_id,cantidad,descuento) VALUES (540, '2024-01-25', 23, 13, 5, 0.0);
INSERT INTO ventas (id,fecha,cliente_id,producto_id,cantidad,descuento) VALUES (541, '2024-12-22', 27, 14, 2, 0.0);
INSERT INTO ventas (id,fecha,cliente_id,producto_id,cantidad,descuento) VALUES (542, '2024-07-11', 12, 18, 4, 0.0);
INSERT INTO ventas (id,fecha,cliente_id,producto_id,cantidad,descuento) VALUES (543, '2024-04-25', 20, 5, 4, 0.0);
INSERT INTO ventas (id,fecha,cliente_id,producto_id,cantidad,descuento) VALUES (544, '2024-10-14', 27, 14, 5, 0.1);
INSERT INTO ventas (id,fecha,cliente_id,producto_id,cantidad,descuento) VALUES (545, '2024-03-09', 25, 8, 3, 0.0);
INSERT INTO ventas (id,fecha,cliente_id,producto_id,cantidad,descuento) VALUES (546, '2024-06-18', 42, 3, 4, 0.0);
INSERT INTO ventas (id,fecha,cliente_id,producto_id,cantidad,descuento) VALUES (547, '2024-02-17', 35, 7, 1, 0.0);
INSERT INTO ventas (id,fecha,cliente_id,producto_id,cantidad,descuento) VALUES (548, '2024-07-12', 44, 20, 5, 0.0);
INSERT INTO ventas (id,fecha,cliente_id,producto_id,cantidad,descuento) VALUES (549, '2024-02-07', 13, 19, 5, 0.0);
INSERT INTO ventas (id,fecha,cliente_id,producto_id,cantidad,descuento) VALUES (550, '2024-09-02', 14, 11, 3, 0.0);
INSERT INTO ventas (id,fecha,cliente_id,producto_id,cantidad,descuento) VALUES (551, '2024-04-18', 60, 7, 1, 0.15);
INSERT INTO ventas (id,fecha,cliente_id,producto_id,cantidad,descuento) VALUES (552, '2024-09-02', 59, 8, 5, 0.15);
INSERT INTO ventas (id,fecha,cliente_id,producto_id,cantidad,descuento) VALUES (553, '2024-04-14', 26, 8, 5, 0.0);
INSERT INTO ventas (id,fecha,cliente_id,producto_id,cantidad,descuento) VALUES (554, '2024-05-24', 25, 15, 5, 0.15);
INSERT INTO ventas (id,fecha,cliente_id,producto_id,cantidad,descuento) VALUES (555, '2024-07-02', 20, 9, 3, 0.1);
INSERT INTO ventas (id,fecha,cliente_id,producto_id,cantidad,descuento) VALUES (556, '2024-09-11', 30, 4, 4, 0.0);
INSERT INTO ventas (id,fecha,cliente_id,producto_id,cantidad,descuento) VALUES (557, '2024-04-14', 24, 11, 4, 0.0);
INSERT INTO ventas (id,fecha,cliente_id,producto_id,cantidad,descuento) VALUES (558, '2024-10-15', 56, 8, 2, 0.0);
INSERT INTO ventas (id,fecha,cliente_id,producto_id,cantidad,descuento) VALUES (559, '2024-05-13', 36, 19, 5, 0.15);
INSERT INTO ventas (id,fecha,cliente_id,producto_id,cantidad,descuento) VALUES (560, '2024-08-01', 19, 5, 2, 0.0);
INSERT INTO ventas (id,fecha,cliente_id,producto_id,cantidad,descuento) VALUES (561, '2024-04-27', 25, 19, 2, 0.05);
INSERT INTO ventas (id,fecha,cliente_id,producto_id,cantidad,descuento) VALUES (562, '2024-10-08', 42, 11, 3, 0.05);
INSERT INTO ventas (id,fecha,cliente_id,producto_id,cantidad,descuento) VALUES (563, '2024-11-24', 48, 16, 4, 0.0);
INSERT INTO ventas (id,fecha,cliente_id,producto_id,cantidad,descuento) VALUES (564, '2024-06-29', 11, 5, 5, 0.05);
INSERT INTO ventas (id,fecha,cliente_id,producto_id,cantidad,descuento) VALUES (565, '2024-04-04', 59, 18, 1, 0.1);
INSERT INTO ventas (id,fecha,cliente_id,producto_id,cantidad,descuento) VALUES (566, '2024-01-18', 54, 3, 1, 0.0);
INSERT INTO ventas (id,fecha,cliente_id,producto_id,cantidad,descuento) VALUES (567, '2024-07-30', 9, 8, 1, 0.15);
INSERT INTO ventas (id,fecha,cliente_id,producto_id,cantidad,descuento) VALUES (568, '2024-03-18', 1, 7, 5, 0.05);
INSERT INTO ventas (id,fecha,cliente_id,producto_id,cantidad,descuento) VALUES (569, '2024-07-10', 4, 20, 5, 0.05);
INSERT INTO ventas (id,fecha,cliente_id,producto_id,cantidad,descuento) VALUES (570, '2024-12-03', 32, 1, 1, 0.1);
INSERT INTO ventas (id,fecha,cliente_id,producto_id,cantidad,descuento) VALUES (571, '2024-10-09', 27, 1, 1, 0.1);
INSERT INTO ventas (id,fecha,cliente_id,producto_id,cantidad,descuento) VALUES (572, '2024-05-20', 35, 10, 1, 0.1);
INSERT INTO ventas (id,fecha,cliente_id,producto_id,cantidad,descuento) VALUES (573, '2024-12-23', 44, 14, 2, 0.0);
INSERT INTO ventas (id,fecha,cliente_id,producto_id,cantidad,descuento) VALUES (574, '2024-02-19', 34, 5, 2, 0.0);
INSERT INTO ventas (id,fecha,cliente_id,producto_id,cantidad,descuento) VALUES (575, '2024-11-13', 34, 9, 3, 0.0);
INSERT INTO ventas (id,fecha,cliente_id,producto_id,cantidad,descuento) VALUES (576, '2024-07-22', 6, 12, 4, 0.05);
INSERT INTO ventas (id,fecha,cliente_id,producto_id,cantidad,descuento) VALUES (577, '2024-10-16', 16, 8, 3, 0.15);
INSERT INTO ventas (id,fecha,cliente_id,producto_id,cantidad,descuento) VALUES (578, '2024-02-11', 42, 2, 1, 0.05);
INSERT INTO ventas (id,fecha,cliente_id,producto_id,cantidad,descuento) VALUES (579, '2024-07-13', 25, 18, 4, 0.0);
INSERT INTO ventas (id,fecha,cliente_id,producto_id,cantidad,descuento) VALUES (580, '2024-11-22', 1, 6, 1, 0.05);
INSERT INTO ventas (id,fecha,cliente_id,producto_id,cantidad,descuento) VALUES (581, '2024-08-10', 42, 11, 5, 0.0);
INSERT INTO ventas (id,fecha,cliente_id,producto_id,cantidad,descuento) VALUES (582, '2024-09-27', 59, 2, 2, 0.0);
INSERT INTO ventas (id,fecha,cliente_id,producto_id,cantidad,descuento) VALUES (583, '2024-12-20', 57, 19, 4, 0.0);
INSERT INTO ventas (id,fecha,cliente_id,producto_id,cantidad,descuento) VALUES (584, '2024-01-24', 60, 3, 3, 0.1);
INSERT INTO ventas (id,fecha,cliente_id,producto_id,cantidad,descuento) VALUES (585, '2024-10-15', 43, 2, 2, 0.0);
INSERT INTO ventas (id,fecha,cliente_id,producto_id,cantidad,descuento) VALUES (586, '2024-01-09', 14, 19, 2, 0.15);
INSERT INTO ventas (id,fecha,cliente_id,producto_id,cantidad,descuento) VALUES (587, '2024-07-22', 60, 3, 3, 0.0);
INSERT INTO ventas (id,fecha,cliente_id,producto_id,cantidad,descuento) VALUES (588, '2024-10-15', 16, 19, 4, 0.15);
INSERT INTO ventas (id,fecha,cliente_id,producto_id,cantidad,descuento) VALUES (589, '2024-10-03', 22, 13, 2, 0.15);
INSERT INTO ventas (id,fecha,cliente_id,producto_id,cantidad,descuento) VALUES (590, '2024-02-10', 33, 12, 1, 0.0);
INSERT INTO ventas (id,fecha,cliente_id,producto_id,cantidad,descuento) VALUES (591, '2024-08-11', 15, 3, 3, 0.1);
INSERT INTO ventas (id,fecha,cliente_id,producto_id,cantidad,descuento) VALUES (592, '2024-11-10', 39, 13, 3, 0.0);
INSERT INTO ventas (id,fecha,cliente_id,producto_id,cantidad,descuento) VALUES (593, '2024-11-20', 18, 15, 4, 0.0);
INSERT INTO ventas (id,fecha,cliente_id,producto_id,cantidad,descuento) VALUES (594, '2024-07-01', 36, 13, 4, 0.0);
INSERT INTO ventas (id,fecha,cliente_id,producto_id,cantidad,descuento) VALUES (595, '2024-12-14', 38, 13, 1, 0.1);
INSERT INTO ventas (id,fecha,cliente_id,producto_id,cantidad,descuento) VALUES (596, '2024-05-31', 52, 8, 1, 0.0);
INSERT INTO ventas (id,fecha,cliente_id,producto_id,cantidad,descuento) VALUES (597, '2024-05-17', 10, 13, 2, 0.15);
INSERT INTO ventas (id,fecha,cliente_id,producto_id,cantidad,descuento) VALUES (598, '2024-07-18', 21, 12, 1, 0.0);
INSERT INTO ventas (id,fecha,cliente_id,producto_id,cantidad,descuento) VALUES (599, '2024-01-03', 20, 15, 3, 0.0);
INSERT INTO ventas (id,fecha,cliente_id,producto_id,cantidad,descuento) VALUES (600, '2024-02-22', 9, 3, 2, 0.05);
INSERT INTO ventas (id,fecha,cliente_id,producto_id,cantidad,descuento) VALUES (601, '2024-08-17', 36, 18, 5, 0.05);
INSERT INTO ventas (id,fecha,cliente_id,producto_id,cantidad,descuento) VALUES (602, '2024-02-22', 2, 3, 3, 0.1);
INSERT INTO ventas (id,fecha,cliente_id,producto_id,cantidad,descuento) VALUES (603, '2024-02-17', 39, 20, 3, 0.05);
INSERT INTO ventas (id,fecha,cliente_id,producto_id,cantidad,descuento) VALUES (604, '2024-01-07', 19, 14, 4, 0.0);
INSERT INTO ventas (id,fecha,cliente_id,producto_id,cantidad,descuento) VALUES (605, '2024-10-13', 58, 8, 5, 0.1);
INSERT INTO ventas (id,fecha,cliente_id,producto_id,cantidad,descuento) VALUES (606, '2024-03-27', 44, 13, 2, 0.0);
INSERT INTO ventas (id,fecha,cliente_id,producto_id,cantidad,descuento) VALUES (607, '2024-05-17', 20, 9, 4, 0.0);
INSERT INTO ventas (id,fecha,cliente_id,producto_id,cantidad,descuento) VALUES (608, '2024-02-02', 11, 14, 3, 0.05);
INSERT INTO ventas (id,fecha,cliente_id,producto_id,cantidad,descuento) VALUES (609, '2024-06-02', 31, 3, 3, 0.0);
INSERT INTO ventas (id,fecha,cliente_id,producto_id,cantidad,descuento) VALUES (610, '2024-05-06', 47, 16, 5, 0.1);
INSERT INTO ventas (id,fecha,cliente_id,producto_id,cantidad,descuento) VALUES (611, '2024-04-10', 30, 4, 2, 0.0);
INSERT INTO ventas (id,fecha,cliente_id,producto_id,cantidad,descuento) VALUES (612, '2024-01-04', 26, 11, 5, 0.05);
INSERT INTO ventas (id,fecha,cliente_id,producto_id,cantidad,descuento) VALUES (613, '2024-06-17', 29, 11, 4, 0.15);
INSERT INTO ventas (id,fecha,cliente_id,producto_id,cantidad,descuento) VALUES (614, '2024-10-31', 9, 10, 3, 0.1);
INSERT INTO ventas (id,fecha,cliente_id,producto_id,cantidad,descuento) VALUES (615, '2024-12-21', 13, 16, 3, 0.0);
INSERT INTO ventas (id,fecha,cliente_id,producto_id,cantidad,descuento) VALUES (616, '2024-07-22', 21, 10, 4, 0.1);
INSERT INTO ventas (id,fecha,cliente_id,producto_id,cantidad,descuento) VALUES (617, '2024-05-04', 21, 13, 3, 0.05);
INSERT INTO ventas (id,fecha,cliente_id,producto_id,cantidad,descuento) VALUES (618, '2024-07-05', 8, 19, 2, 0.1);
INSERT INTO ventas (id,fecha,cliente_id,producto_id,cantidad,descuento) VALUES (619, '2024-10-06', 12, 18, 1, 0.15);
INSERT INTO ventas (id,fecha,cliente_id,producto_id,cantidad,descuento) VALUES (620, '2024-08-24', 46, 7, 4, 0.0);
INSERT INTO ventas (id,fecha,cliente_id,producto_id,cantidad,descuento) VALUES (621, '2024-12-20', 5, 14, 4, 0.0);
INSERT INTO ventas (id,fecha,cliente_id,producto_id,cantidad,descuento) VALUES (622, '2024-11-20', 20, 8, 3, 0.15);
INSERT INTO ventas (id,fecha,cliente_id,producto_id,cantidad,descuento) VALUES (623, '2024-03-19', 46, 14, 4, 0.0);
INSERT INTO ventas (id,fecha,cliente_id,producto_id,cantidad,descuento) VALUES (624, '2024-08-17', 39, 16, 5, 0.05);
INSERT INTO ventas (id,fecha,cliente_id,producto_id,cantidad,descuento) VALUES (625, '2024-09-30', 33, 14, 5, 0.0);
INSERT INTO ventas (id,fecha,cliente_id,producto_id,cantidad,descuento) VALUES (626, '2024-07-03', 45, 18, 5, 0.15);
INSERT INTO ventas (id,fecha,cliente_id,producto_id,cantidad,descuento) VALUES (627, '2024-02-13', 7, 8, 3, 0.0);
INSERT INTO ventas (id,fecha,cliente_id,producto_id,cantidad,descuento) VALUES (628, '2024-11-27', 40, 2, 5, 0.15);
INSERT INTO ventas (id,fecha,cliente_id,producto_id,cantidad,descuento) VALUES (629, '2024-12-12', 42, 13, 3, 0.05);
INSERT INTO ventas (id,fecha,cliente_id,producto_id,cantidad,descuento) VALUES (630, '2024-02-24', 1, 4, 3, 0.0);
INSERT INTO ventas (id,fecha,cliente_id,producto_id,cantidad,descuento) VALUES (631, '2024-09-18', 48, 17, 5, 0.1);
INSERT INTO ventas (id,fecha,cliente_id,producto_id,cantidad,descuento) VALUES (632, '2024-12-18', 37, 8, 4, 0.0);
INSERT INTO ventas (id,fecha,cliente_id,producto_id,cantidad,descuento) VALUES (633, '2024-07-19', 30, 19, 5, 0.0);
INSERT INTO ventas (id,fecha,cliente_id,producto_id,cantidad,descuento) VALUES (634, '2024-06-25', 2, 16, 1, 0.0);
INSERT INTO ventas (id,fecha,cliente_id,producto_id,cantidad,descuento) VALUES (635, '2024-07-31', 59, 3, 1, 0.15);
INSERT INTO ventas (id,fecha,cliente_id,producto_id,cantidad,descuento) VALUES (636, '2024-03-13', 23, 10, 3, 0.05);
INSERT INTO ventas (id,fecha,cliente_id,producto_id,cantidad,descuento) VALUES (637, '2024-04-15', 34, 16, 3, 0.05);
INSERT INTO ventas (id,fecha,cliente_id,producto_id,cantidad,descuento) VALUES (638, '2024-02-19', 29, 15, 3, 0.0);
INSERT INTO ventas (id,fecha,cliente_id,producto_id,cantidad,descuento) VALUES (639, '2024-06-02', 3, 4, 1, 0.0);
INSERT INTO ventas (id,fecha,cliente_id,producto_id,cantidad,descuento) VALUES (640, '2024-11-27', 7, 6, 2, 0.1);
INSERT INTO ventas (id,fecha,cliente_id,producto_id,cantidad,descuento) VALUES (641, '2024-03-30', 36, 6, 3, 0.1);
INSERT INTO ventas (id,fecha,cliente_id,producto_id,cantidad,descuento) VALUES (642, '2024-08-06', 30, 8, 4, 0.15);
INSERT INTO ventas (id,fecha,cliente_id,producto_id,cantidad,descuento) VALUES (643, '2024-04-04', 12, 14, 4, 0.0);
INSERT INTO ventas (id,fecha,cliente_id,producto_id,cantidad,descuento) VALUES (644, '2024-11-10', 57, 7, 4, 0.1);
INSERT INTO ventas (id,fecha,cliente_id,producto_id,cantidad,descuento) VALUES (645, '2024-08-07', 25, 1, 2, 0.0);
INSERT INTO ventas (id,fecha,cliente_id,producto_id,cantidad,descuento) VALUES (646, '2024-05-22', 49, 3, 5, 0.0);
INSERT INTO ventas (id,fecha,cliente_id,producto_id,cantidad,descuento) VALUES (647, '2024-10-01', 12, 12, 3, 0.0);
INSERT INTO ventas (id,fecha,cliente_id,producto_id,cantidad,descuento) VALUES (648, '2024-08-22', 8, 9, 4, 0.1);
INSERT INTO ventas (id,fecha,cliente_id,producto_id,cantidad,descuento) VALUES (649, '2024-11-23', 21, 20, 4, 0.1);
INSERT INTO ventas (id,fecha,cliente_id,producto_id,cantidad,descuento) VALUES (650, '2024-07-19', 38, 4, 3, 0.0);
INSERT INTO ventas (id,fecha,cliente_id,producto_id,cantidad,descuento) VALUES (651, '2024-08-22', 40, 6, 3, 0.1);
INSERT INTO ventas (id,fecha,cliente_id,producto_id,cantidad,descuento) VALUES (652, '2024-10-29', 6, 5, 3, 0.0);
INSERT INTO ventas (id,fecha,cliente_id,producto_id,cantidad,descuento) VALUES (653, '2024-05-02', 20, 4, 2, 0.0);
INSERT INTO ventas (id,fecha,cliente_id,producto_id,cantidad,descuento) VALUES (654, '2024-12-21', 10, 17, 4, 0.05);
INSERT INTO ventas (id,fecha,cliente_id,producto_id,cantidad,descuento) VALUES (655, '2024-11-01', 9, 19, 4, 0.05);
INSERT INTO ventas (id,fecha,cliente_id,producto_id,cantidad,descuento) VALUES (656, '2024-04-05', 32, 18, 2, 0.1);
INSERT INTO ventas (id,fecha,cliente_id,producto_id,cantidad,descuento) VALUES (657, '2024-03-26', 32, 10, 2, 0.0);
INSERT INTO ventas (id,fecha,cliente_id,producto_id,cantidad,descuento) VALUES (658, '2024-06-10', 54, 15, 5, 0.0);
INSERT INTO ventas (id,fecha,cliente_id,producto_id,cantidad,descuento) VALUES (659, '2024-07-02', 1, 16, 2, 0.0);
INSERT INTO ventas (id,fecha,cliente_id,producto_id,cantidad,descuento) VALUES (660, '2024-07-15', 36, 17, 4, 0.05);
INSERT INTO ventas (id,fecha,cliente_id,producto_id,cantidad,descuento) VALUES (661, '2024-12-16', 32, 14, 4, 0.05);
INSERT INTO ventas (id,fecha,cliente_id,producto_id,cantidad,descuento) VALUES (662, '2024-03-26', 6, 19, 1, 0.0);
INSERT INTO ventas (id,fecha,cliente_id,producto_id,cantidad,descuento) VALUES (663, '2024-05-29', 3, 9, 2, 0.1);
INSERT INTO ventas (id,fecha,cliente_id,producto_id,cantidad,descuento) VALUES (664, '2024-05-27', 11, 15, 5, 0.15);
INSERT INTO ventas (id,fecha,cliente_id,producto_id,cantidad,descuento) VALUES (665, '2024-09-10', 36, 17, 1, 0.1);
INSERT INTO ventas (id,fecha,cliente_id,producto_id,cantidad,descuento) VALUES (666, '2024-02-28', 18, 18, 3, 0.1);
INSERT INTO ventas (id,fecha,cliente_id,producto_id,cantidad,descuento) VALUES (667, '2024-01-22', 49, 15, 5, 0.0);
INSERT INTO ventas (id,fecha,cliente_id,producto_id,cantidad,descuento) VALUES (668, '2024-08-05', 7, 8, 3, 0.0);
INSERT INTO ventas (id,fecha,cliente_id,producto_id,cantidad,descuento) VALUES (669, '2024-08-18', 17, 12, 1, 0.05);
INSERT INTO ventas (id,fecha,cliente_id,producto_id,cantidad,descuento) VALUES (670, '2024-03-01', 50, 8, 2, 0.15);
INSERT INTO ventas (id,fecha,cliente_id,producto_id,cantidad,descuento) VALUES (671, '2024-10-28', 45, 12, 5, 0.15);
INSERT INTO ventas (id,fecha,cliente_id,producto_id,cantidad,descuento) VALUES (672, '2024-08-07', 11, 20, 2, 0.0);
INSERT INTO ventas (id,fecha,cliente_id,producto_id,cantidad,descuento) VALUES (673, '2024-04-15', 52, 2, 5, 0.0);
INSERT INTO ventas (id,fecha,cliente_id,producto_id,cantidad,descuento) VALUES (674, '2024-09-29', 18, 20, 5, 0.0);
INSERT INTO ventas (id,fecha,cliente_id,producto_id,cantidad,descuento) VALUES (675, '2024-06-14', 46, 10, 3, 0.1);
INSERT INTO ventas (id,fecha,cliente_id,producto_id,cantidad,descuento) VALUES (676, '2024-05-16', 55, 17, 1, 0.0);
INSERT INTO ventas (id,fecha,cliente_id,producto_id,cantidad,descuento) VALUES (677, '2024-07-29', 59, 2, 3, 0.15);
INSERT INTO ventas (id,fecha,cliente_id,producto_id,cantidad,descuento) VALUES (678, '2024-03-05', 45, 5, 2, 0.0);
INSERT INTO ventas (id,fecha,cliente_id,producto_id,cantidad,descuento) VALUES (679, '2024-12-30', 21, 8, 4, 0.05);
INSERT INTO ventas (id,fecha,cliente_id,producto_id,cantidad,descuento) VALUES (680, '2024-03-13', 37, 9, 4, 0.05);
INSERT INTO ventas (id,fecha,cliente_id,producto_id,cantidad,descuento) VALUES (681, '2024-08-19', 5, 3, 4, 0.1);
INSERT INTO ventas (id,fecha,cliente_id,producto_id,cantidad,descuento) VALUES (682, '2024-05-22', 45, 12, 4, 0.05);
INSERT INTO ventas (id,fecha,cliente_id,producto_id,cantidad,descuento) VALUES (683, '2024-06-16', 38, 1, 1, 0.15);
INSERT INTO ventas (id,fecha,cliente_id,producto_id,cantidad,descuento) VALUES (684, '2024-08-22', 41, 12, 1, 0.1);
INSERT INTO ventas (id,fecha,cliente_id,producto_id,cantidad,descuento) VALUES (685, '2024-07-22', 14, 14, 2, 0.05);
INSERT INTO ventas (id,fecha,cliente_id,producto_id,cantidad,descuento) VALUES (686, '2024-05-17', 21, 10, 3, 0.1);
INSERT INTO ventas (id,fecha,cliente_id,producto_id,cantidad,descuento) VALUES (687, '2024-10-22', 9, 19, 4, 0.0);
INSERT INTO ventas (id,fecha,cliente_id,producto_id,cantidad,descuento) VALUES (688, '2024-12-15', 49, 2, 1, 0.0);
INSERT INTO ventas (id,fecha,cliente_id,producto_id,cantidad,descuento) VALUES (689, '2024-11-16', 51, 15, 1, 0.0);
INSERT INTO ventas (id,fecha,cliente_id,producto_id,cantidad,descuento) VALUES (690, '2024-03-21', 29, 15, 1, 0.05);
INSERT INTO ventas (id,fecha,cliente_id,producto_id,cantidad,descuento) VALUES (691, '2024-04-13', 45, 5, 3, 0.0);
INSERT INTO ventas (id,fecha,cliente_id,producto_id,cantidad,descuento) VALUES (692, '2024-05-20', 6, 12, 3, 0.0);
INSERT INTO ventas (id,fecha,cliente_id,producto_id,cantidad,descuento) VALUES (693, '2024-07-09', 43, 6, 1, 0.05);
INSERT INTO ventas (id,fecha,cliente_id,producto_id,cantidad,descuento) VALUES (694, '2024-11-16', 20, 8, 4, 0.15);
INSERT INTO ventas (id,fecha,cliente_id,producto_id,cantidad,descuento) VALUES (695, '2024-02-16', 46, 4, 1, 0.0);
INSERT INTO ventas (id,fecha,cliente_id,producto_id,cantidad,descuento) VALUES (696, '2024-09-01', 5, 5, 5, 0.0);
INSERT INTO ventas (id,fecha,cliente_id,producto_id,cantidad,descuento) VALUES (697, '2024-09-22', 44, 15, 1, 0.0);
INSERT INTO ventas (id,fecha,cliente_id,producto_id,cantidad,descuento) VALUES (698, '2024-12-22', 22, 4, 4, 0.15);
INSERT INTO ventas (id,fecha,cliente_id,producto_id,cantidad,descuento) VALUES (699, '2024-03-08', 31, 3, 2, 0.05);
INSERT INTO ventas (id,fecha,cliente_id,producto_id,cantidad,descuento) VALUES (700, '2024-02-15', 47, 4, 1, 0.0);
INSERT INTO ventas (id,fecha,cliente_id,producto_id,cantidad,descuento) VALUES (701, '2024-07-07', 57, 10, 2, 0.05);
INSERT INTO ventas (id,fecha,cliente_id,producto_id,cantidad,descuento) VALUES (702, '2024-03-09', 42, 5, 1, 0.1);
INSERT INTO ventas (id,fecha,cliente_id,producto_id,cantidad,descuento) VALUES (703, '2024-10-15', 1, 20, 2, 0.05);
INSERT INTO ventas (id,fecha,cliente_id,producto_id,cantidad,descuento) VALUES (704, '2024-06-28', 47, 7, 2, 0.05);
INSERT INTO ventas (id,fecha,cliente_id,producto_id,cantidad,descuento) VALUES (705, '2024-11-11', 44, 15, 2, 0.0);
INSERT INTO ventas (id,fecha,cliente_id,producto_id,cantidad,descuento) VALUES (706, '2024-02-21', 9, 4, 5, 0.15);
INSERT INTO ventas (id,fecha,cliente_id,producto_id,cantidad,descuento) VALUES (707, '2024-07-15', 23, 14, 3, 0.0);
INSERT INTO ventas (id,fecha,cliente_id,producto_id,cantidad,descuento) VALUES (708, '2024-05-06', 18, 3, 2, 0.1);
INSERT INTO ventas (id,fecha,cliente_id,producto_id,cantidad,descuento) VALUES (709, '2024-11-03', 39, 20, 3, 0.15);
INSERT INTO ventas (id,fecha,cliente_id,producto_id,cantidad,descuento) VALUES (710, '2024-01-14', 55, 10, 2, 0.1);
INSERT INTO ventas (id,fecha,cliente_id,producto_id,cantidad,descuento) VALUES (711, '2024-11-06', 33, 7, 4, 0.0);
INSERT INTO ventas (id,fecha,cliente_id,producto_id,cantidad,descuento) VALUES (712, '2024-11-26', 4, 8, 4, 0.05);
INSERT INTO ventas (id,fecha,cliente_id,producto_id,cantidad,descuento) VALUES (713, '2024-02-27', 16, 16, 5, 0.0);
INSERT INTO ventas (id,fecha,cliente_id,producto_id,cantidad,descuento) VALUES (714, '2024-09-27', 57, 1, 3, 0.0);
INSERT INTO ventas (id,fecha,cliente_id,producto_id,cantidad,descuento) VALUES (715, '2024-03-08', 25, 19, 4, 0.0);
INSERT INTO ventas (id,fecha,cliente_id,producto_id,cantidad,descuento) VALUES (716, '2024-10-06', 44, 6, 4, 0.0);
INSERT INTO ventas (id,fecha,cliente_id,producto_id,cantidad,descuento) VALUES (717, '2024-01-09', 38, 3, 1, 0.0);
INSERT INTO ventas (id,fecha,cliente_id,producto_id,cantidad,descuento) VALUES (718, '2024-04-20', 3, 2, 4, 0.1);
INSERT INTO ventas (id,fecha,cliente_id,producto_id,cantidad,descuento) VALUES (719, '2024-05-26', 41, 17, 4, 0.05);
INSERT INTO ventas (id,fecha,cliente_id,producto_id,cantidad,descuento) VALUES (720, '2024-12-25', 26, 3, 5, 0.1);
INSERT INTO ventas (id,fecha,cliente_id,producto_id,cantidad,descuento) VALUES (721, '2024-11-11', 10, 9, 1, 0.0);
INSERT INTO ventas (id,fecha,cliente_id,producto_id,cantidad,descuento) VALUES (722, '2024-02-10', 33, 7, 2, 0.1);
INSERT INTO ventas (id,fecha,cliente_id,producto_id,cantidad,descuento) VALUES (723, '2024-06-16', 26, 19, 1, 0.0);
INSERT INTO ventas (id,fecha,cliente_id,producto_id,cantidad,descuento) VALUES (724, '2024-12-23', 28, 8, 1, 0.0);
INSERT INTO ventas (id,fecha,cliente_id,producto_id,cantidad,descuento) VALUES (725, '2024-02-14', 60, 14, 1, 0.05);
INSERT INTO ventas (id,fecha,cliente_id,producto_id,cantidad,descuento) VALUES (726, '2024-11-09', 39, 2, 3, 0.15);
INSERT INTO ventas (id,fecha,cliente_id,producto_id,cantidad,descuento) VALUES (727, '2024-12-02', 48, 6, 1, 0.0);
INSERT INTO ventas (id,fecha,cliente_id,producto_id,cantidad,descuento) VALUES (728, '2024-12-28', 9, 1, 2, 0.05);
INSERT INTO ventas (id,fecha,cliente_id,producto_id,cantidad,descuento) VALUES (729, '2024-06-26', 34, 17, 3, 0.0);
INSERT INTO ventas (id,fecha,cliente_id,producto_id,cantidad,descuento) VALUES (730, '2024-07-09', 9, 9, 1, 0.0);
INSERT INTO ventas (id,fecha,cliente_id,producto_id,cantidad,descuento) VALUES (731, '2024-06-20', 52, 14, 3, 0.1);
INSERT INTO ventas (id,fecha,cliente_id,producto_id,cantidad,descuento) VALUES (732, '2024-02-02', 17, 19, 1, 0.05);
INSERT INTO ventas (id,fecha,cliente_id,producto_id,cantidad,descuento) VALUES (733, '2024-08-21', 33, 12, 1, 0.05);
INSERT INTO ventas (id,fecha,cliente_id,producto_id,cantidad,descuento) VALUES (734, '2024-10-17', 11, 12, 2, 0.0);
INSERT INTO ventas (id,fecha,cliente_id,producto_id,cantidad,descuento) VALUES (735, '2024-02-22', 58, 19, 1, 0.0);
INSERT INTO ventas (id,fecha,cliente_id,producto_id,cantidad,descuento) VALUES (736, '2024-09-17', 1, 2, 1, 0.0);
INSERT INTO ventas (id,fecha,cliente_id,producto_id,cantidad,descuento) VALUES (737, '2024-01-24', 31, 12, 4, 0.0);
INSERT INTO ventas (id,fecha,cliente_id,producto_id,cantidad,descuento) VALUES (738, '2024-04-01', 60, 2, 5, 0.15);
INSERT INTO ventas (id,fecha,cliente_id,producto_id,cantidad,descuento) VALUES (739, '2024-12-01', 27, 8, 3, 0.0);
INSERT INTO ventas (id,fecha,cliente_id,producto_id,cantidad,descuento) VALUES (740, '2024-08-01', 59, 11, 3, 0.0);
INSERT INTO ventas (id,fecha,cliente_id,producto_id,cantidad,descuento) VALUES (741, '2024-10-19', 24, 4, 5, 0.15);
INSERT INTO ventas (id,fecha,cliente_id,producto_id,cantidad,descuento) VALUES (742, '2024-01-27', 12, 8, 5, 0.0);
INSERT INTO ventas (id,fecha,cliente_id,producto_id,cantidad,descuento) VALUES (743, '2024-07-24', 5, 15, 3, 0.0);
INSERT INTO ventas (id,fecha,cliente_id,producto_id,cantidad,descuento) VALUES (744, '2024-06-16', 6, 18, 4, 0.0);
INSERT INTO ventas (id,fecha,cliente_id,producto_id,cantidad,descuento) VALUES (745, '2024-07-07', 13, 10, 5, 0.0);
INSERT INTO ventas (id,fecha,cliente_id,producto_id,cantidad,descuento) VALUES (746, '2024-11-14', 16, 15, 3, 0.1);
INSERT INTO ventas (id,fecha,cliente_id,producto_id,cantidad,descuento) VALUES (747, '2024-09-09', 50, 7, 5, 0.0);
INSERT INTO ventas (id,fecha,cliente_id,producto_id,cantidad,descuento) VALUES (748, '2024-03-18', 1, 14, 1, 0.0);
INSERT INTO ventas (id,fecha,cliente_id,producto_id,cantidad,descuento) VALUES (749, '2024-10-04', 23, 1, 3, 0.0);
INSERT INTO ventas (id,fecha,cliente_id,producto_id,cantidad,descuento) VALUES (750, '2024-12-02', 25, 10, 1, 0.0);
INSERT INTO ventas (id,fecha,cliente_id,producto_id,cantidad,descuento) VALUES (751, '2024-09-28', 16, 14, 4, 0.0);
INSERT INTO ventas (id,fecha,cliente_id,producto_id,cantidad,descuento) VALUES (752, '2024-03-13', 46, 9, 1, 0.0);
INSERT INTO ventas (id,fecha,cliente_id,producto_id,cantidad,descuento) VALUES (753, '2024-04-28', 58, 17, 4, 0.15);
INSERT INTO ventas (id,fecha,cliente_id,producto_id,cantidad,descuento) VALUES (754, '2024-07-09', 30, 3, 5, 0.0);
INSERT INTO ventas (id,fecha,cliente_id,producto_id,cantidad,descuento) VALUES (755, '2024-09-15', 9, 13, 1, 0.1);
INSERT INTO ventas (id,fecha,cliente_id,producto_id,cantidad,descuento) VALUES (756, '2024-10-17', 4, 14, 2, 0.0);
INSERT INTO ventas (id,fecha,cliente_id,producto_id,cantidad,descuento) VALUES (757, '2024-05-29', 17, 11, 4, 0.15);
INSERT INTO ventas (id,fecha,cliente_id,producto_id,cantidad,descuento) VALUES (758, '2024-06-16', 21, 15, 3, 0.0);
INSERT INTO ventas (id,fecha,cliente_id,producto_id,cantidad,descuento) VALUES (759, '2024-02-08', 13, 5, 5, 0.0);
INSERT INTO ventas (id,fecha,cliente_id,producto_id,cantidad,descuento) VALUES (760, '2024-03-20', 7, 6, 4, 0.05);
INSERT INTO ventas (id,fecha,cliente_id,producto_id,cantidad,descuento) VALUES (761, '2024-06-09', 27, 4, 5, 0.0);
INSERT INTO ventas (id,fecha,cliente_id,producto_id,cantidad,descuento) VALUES (762, '2024-04-16', 29, 10, 4, 0.0);
INSERT INTO ventas (id,fecha,cliente_id,producto_id,cantidad,descuento) VALUES (763, '2024-03-02', 6, 6, 3, 0.15);
INSERT INTO ventas (id,fecha,cliente_id,producto_id,cantidad,descuento) VALUES (764, '2024-12-22', 39, 2, 2, 0.0);
INSERT INTO ventas (id,fecha,cliente_id,producto_id,cantidad,descuento) VALUES (765, '2024-03-16', 6, 8, 3, 0.05);
INSERT INTO ventas (id,fecha,cliente_id,producto_id,cantidad,descuento) VALUES (766, '2024-09-19', 4, 10, 3, 0.0);
INSERT INTO ventas (id,fecha,cliente_id,producto_id,cantidad,descuento) VALUES (767, '2024-01-16', 26, 15, 5, 0.15);
INSERT INTO ventas (id,fecha,cliente_id,producto_id,cantidad,descuento) VALUES (768, '2024-10-08', 16, 4, 4, 0.0);
INSERT INTO ventas (id,fecha,cliente_id,producto_id,cantidad,descuento) VALUES (769, '2024-03-12', 8, 1, 1, 0.0);
INSERT INTO ventas (id,fecha,cliente_id,producto_id,cantidad,descuento) VALUES (770, '2024-03-07', 13, 13, 3, 0.15);
INSERT INTO ventas (id,fecha,cliente_id,producto_id,cantidad,descuento) VALUES (771, '2024-11-18', 42, 3, 5, 0.1);
INSERT INTO ventas (id,fecha,cliente_id,producto_id,cantidad,descuento) VALUES (772, '2024-05-12', 59, 3, 1, 0.0);
INSERT INTO ventas (id,fecha,cliente_id,producto_id,cantidad,descuento) VALUES (773, '2024-04-11', 58, 15, 2, 0.0);
INSERT INTO ventas (id,fecha,cliente_id,producto_id,cantidad,descuento) VALUES (774, '2024-06-18', 8, 2, 4, 0.0);
INSERT INTO ventas (id,fecha,cliente_id,producto_id,cantidad,descuento) VALUES (775, '2024-03-27', 60, 19, 4, 0.15);
INSERT INTO ventas (id,fecha,cliente_id,producto_id,cantidad,descuento) VALUES (776, '2024-07-21', 32, 1, 4, 0.15);
INSERT INTO ventas (id,fecha,cliente_id,producto_id,cantidad,descuento) VALUES (777, '2024-08-06', 12, 12, 2, 0.0);
INSERT INTO ventas (id,fecha,cliente_id,producto_id,cantidad,descuento) VALUES (778, '2024-05-20', 18, 15, 2, 0.0);
INSERT INTO ventas (id,fecha,cliente_id,producto_id,cantidad,descuento) VALUES (779, '2024-11-10', 40, 20, 2, 0.15);
INSERT INTO ventas (id,fecha,cliente_id,producto_id,cantidad,descuento) VALUES (780, '2024-05-31', 32, 14, 5, 0.05);
INSERT INTO ventas (id,fecha,cliente_id,producto_id,cantidad,descuento) VALUES (781, '2024-02-01', 6, 9, 4, 0.0);
INSERT INTO ventas (id,fecha,cliente_id,producto_id,cantidad,descuento) VALUES (782, '2024-08-02', 13, 17, 2, 0.15);
INSERT INTO ventas (id,fecha,cliente_id,producto_id,cantidad,descuento) VALUES (783, '2024-10-05', 51, 1, 4, 0.15);
INSERT INTO ventas (id,fecha,cliente_id,producto_id,cantidad,descuento) VALUES (784, '2024-07-02', 31, 18, 4, 0.0);
INSERT INTO ventas (id,fecha,cliente_id,producto_id,cantidad,descuento) VALUES (785, '2024-10-16', 33, 11, 4, 0.0);
INSERT INTO ventas (id,fecha,cliente_id,producto_id,cantidad,descuento) VALUES (786, '2024-04-02', 2, 11, 5, 0.0);
INSERT INTO ventas (id,fecha,cliente_id,producto_id,cantidad,descuento) VALUES (787, '2024-01-16', 58, 9, 1, 0.05);
INSERT INTO ventas (id,fecha,cliente_id,producto_id,cantidad,descuento) VALUES (788, '2024-09-28', 23, 19, 2, 0.0);
INSERT INTO ventas (id,fecha,cliente_id,producto_id,cantidad,descuento) VALUES (789, '2024-02-21', 16, 8, 3, 0.1);
INSERT INTO ventas (id,fecha,cliente_id,producto_id,cantidad,descuento) VALUES (790, '2024-01-29', 49, 8, 5, 0.05);
INSERT INTO ventas (id,fecha,cliente_id,producto_id,cantidad,descuento) VALUES (791, '2024-06-30', 60, 6, 2, 0.0);
INSERT INTO ventas (id,fecha,cliente_id,producto_id,cantidad,descuento) VALUES (792, '2024-10-30', 21, 12, 5, 0.0);
INSERT INTO ventas (id,fecha,cliente_id,producto_id,cantidad,descuento) VALUES (793, '2024-12-26', 45, 12, 5, 0.1);
INSERT INTO ventas (id,fecha,cliente_id,producto_id,cantidad,descuento) VALUES (794, '2024-03-13', 37, 7, 4, 0.1);
INSERT INTO ventas (id,fecha,cliente_id,producto_id,cantidad,descuento) VALUES (795, '2024-06-07', 12, 16, 1, 0.0);
INSERT INTO ventas (id,fecha,cliente_id,producto_id,cantidad,descuento) VALUES (796, '2024-01-29', 15, 20, 2, 0.0);
INSERT INTO ventas (id,fecha,cliente_id,producto_id,cantidad,descuento) VALUES (797, '2024-09-26', 31, 1, 3, 0.1);
INSERT INTO ventas (id,fecha,cliente_id,producto_id,cantidad,descuento) VALUES (798, '2024-04-13', 52, 5, 3, 0.15);
INSERT INTO ventas (id,fecha,cliente_id,producto_id,cantidad,descuento) VALUES (799, '2024-03-31', 59, 11, 1, 0.0);
INSERT INTO ventas (id,fecha,cliente_id,producto_id,cantidad,descuento) VALUES (800, '2024-03-16', 38, 5, 1, 0.1);